CREATE MEMORY TABLE "PUBLIC"."VARSLING"(
    "ID" CHARACTER VARYING NOT NULL,
    "REFUSJON_ID" CHARACTER VARYING,
    "VARSEL_TYPE" CHARACTER VARYING,
    "VARSEL_TIDSPUNKT" TIMESTAMP
);    
ALTER TABLE "PUBLIC"."VARSLING" ADD CONSTRAINT "PUBLIC"."CONSTRAINT_E" PRIMARY KEY("ID");      
-- 0 +/- SELECT COUNT(*) FROM PUBLIC.VARSLING; 
CREATE INDEX "PUBLIC"."VARSLING_REFUSJON_ID_IDX" ON "PUBLIC"."VARSLING"("REFUSJON_ID" NULLS FIRST);            
CREATE MEMORY TABLE "PUBLIC"."FRIST_FORLENGET"(
    "ID" CHARACTER VARYING NOT NULL,
    "REFUSJON_ID" CHARACTER VARYING,
    "GAMMEL_FRIST" DATE,
    "NY_FRIST" DATE,
    U&"\00c5RSAK" CHARACTER VARYING,
    U&"UTF\00d8RT_AV" CHARACTER VARYING,
    "TIDSPUNKT" TIMESTAMP
);             
ALTER TABLE "PUBLIC"."FRIST_FORLENGET" ADD CONSTRAINT "PUBLIC"."CONSTRAINT_FF" PRIMARY KEY("ID");              
-- 0 +/- SELECT COUNT(*) FROM PUBLIC.FRIST_FORLENGET;          
CREATE MEMORY TABLE "PUBLIC"."TILSKUDDSGRUNNLAG"(
    "ID" CHARACTER VARYING NOT NULL,
    "AVTALE_ID" CHARACTER VARYING,
    "TILSKUDDSPERIODE_ID" CHARACTER VARYING,
    "DELTAKER_FORNAVN" CHARACTER VARYING,
    "DELTAKER_ETTERNAVN" CHARACTER VARYING,
    "DELTAKER_FNR" CHARACTER VARYING(11),
    "VEILEDER_NAV_IDENT" CHARACTER VARYING,
    "BEDRIFT_NAVN" CHARACTER VARYING,
    "BEDRIFT_NR" CHARACTER VARYING(9),
    "TILSKUDD_FOM" DATE,
    "TILSKUDD_TOM" DATE,
    "FERIEPENGER_SATS" NUMERIC(4, 3),
    "OTP_SATS" NUMERIC(4, 3),
    "ARBEIDSGIVERAVGIFT_SATS" NUMERIC(4, 3),
    "TILTAKSTYPE" CHARACTER VARYING,
    U&"TILSKUDDSBEL\00d8P" DECFLOAT,
    U&"L\00d8NNSTILSKUDDSPROSENT" INTEGER,
    "AVTALE_NR" INTEGER,
    U&"L\00d8PENUMMER" INTEGER,
    "ENHET" CHARACTER VARYING,
    "GODKJENT_AV_BESLUTTER_TIDSPUNKT" TIMESTAMP,
    "ARBEIDSGIVER_FORNAVN" CHARACTER VARYING(250) DEFAULT NULL,
    "ARBEIDSGIVER_ETTERNAVN" CHARACTER VARYING(250) DEFAULT NULL,
    "ARBEIDSGIVER_TLF" CHARACTER VARYING(250) DEFAULT NULL,
    "RESENDINGSNUMMER" INTEGER,
    "AVTALE_FOM" DATE,
    "AVTALE_TOM" DATE
); 
ALTER TABLE "PUBLIC"."TILSKUDDSGRUNNLAG" ADD CONSTRAINT "PUBLIC"."CONSTRAINT_F" PRIMARY KEY("ID");             
-- 50 +/- SELECT COUNT(*) FROM PUBLIC.TILSKUDDSGRUNNLAG;       
INSERT INTO "PUBLIC"."TILSKUDDSGRUNNLAG" VALUES
('01K85WE4KHZ16TD22DK1953FQM', 'b2178303-d5dd-410e-b0b8-6798f37759c0', '7d05a9e8-daa8-4d02-a33c-8a5da67539c1', 'Jon', U&'Janson Ferietrekk minus bel\00f8p 1', '08124521514', 'Z123456', 'Kiwi Majorstuen', '910712306', DATEADD('DAY', -52, CURRENT_DATE), DATEADD('DAY', -23, CURRENT_DATE), 0.125, 0.030, 0.141, 'SOMMERJOBB', 3E+4, 60, 7, 1, '1000', DATEADD('DAY', -114, CURRENT_TIMESTAMP), 'Arne', 'Arbeidsgiver', '41111111', 1, NULL, NULL),
('01K85WE4KHC1THYBCMJQQ99SR7', '3f7c5120-916a-471f-a5ee-24f1a8fba7e9', '8ddb3ffe-d46d-4cde-bf0b-f1074b23ec71', 'Jon', U&'Janson Ferietrekk minus bel\00f8p 2', '08124521514', 'Z123456', 'Kiwi Majorstuen', '910712306', DATEADD('DAY', -52, CURRENT_DATE), DATEADD('DAY', -23, CURRENT_DATE), 0.125, 0.030, 0.141, 'SOMMERJOBB', 2E+4, 60, 7, 2, '1000', DATEADD('DAY', -114, CURRENT_TIMESTAMP), 'Arne', 'Arbeidsgiver', '41111111', 1, NULL, NULL),
('01K85WE4KHPFPY0XB0W25679DZ', '06fad9ce-ecf4-426a-b41c-a367a458921a', '35046f5e-a090-4203-93a9-ee3208c062c3', 'Jon', U&'Janson Ferietrekk minus bel\00f8p 3', '08124521514', 'Z123456', 'Kiwi Majorstuen', '910712306', DATEADD('DAY', -52, CURRENT_DATE), DATEADD('DAY', -23, CURRENT_DATE), 0.125, 0.030, 0.141, 'SOMMERJOBB', 3E+4, 60, 7, 3, '1000', DATEADD('DAY', -114, CURRENT_TIMESTAMP), 'Arne', 'Arbeidsgiver', '41111111', 1, NULL, NULL),
('01K85WE4KH6S21KCB3QVRHPMB4', '4e778f9b-b78e-441b-acb0-59857f7e0627', 'd0e885b7-402c-445e-b0d4-8f3686f986e7', 'Jon', U&'Janson Ferietrekk minus bel\00f8p 4', '08124521514', 'Z123456', 'Kiwi Majorstuen', '910712306', DATEADD('DAY', -52, CURRENT_DATE), DATEADD('DAY', -23, CURRENT_DATE), 0.125, 0.030, 0.141, 'SOMMERJOBB', 3E+4, 60, 7, 4, '1000', DATEADD('DAY', -114, CURRENT_TIMESTAMP), 'Arne', 'Arbeidsgiver', '41111111', 1, DATEADD('DAY', -52, CURRENT_DATE), DATEADD('DAY', -23, CURRENT_DATE)),
('01K85WE4KDCPHXT1G9ZT0PHYAJ', '433b72c2-6644-4c74-b002-f3f32a8699c7', '4861261c-8d31-4163-8b49-7b671657c42d', 'Alexander', 'Kielland', '07098142678', 'Z123456', 'Kiwi Majorstuen', '999999999', DATEADD('DAY', -52, CURRENT_DATE), DATEADD('DAY', -23, CURRENT_DATE), 0.120, 0.020, 0.141, 'SOMMERJOBB', 1357, 40, 3456, 3, '1000', DATEADD('DAY', -114, CURRENT_TIMESTAMP), 'Arne', 'Arbeidsgiver', '41111111', 1, NULL, NULL),
('01K85WE4KFQDNT9S7VZBY8Y9EW', '433b72c2-6644-4c74-b002-f3f32a8699c7', 'fe2d573f-5b1c-4e3f-80df-a023e9873517', 'Alexander', 'Kielland', '07098142678', 'Z123456', 'Kiwi Majorstuen', '999999999', DATEADD('DAY', -205, CURRENT_DATE), DATEADD('DAY', -24, CURRENT_DATE), 0.120, 0.020, 0.141, 'SOMMERJOBB', 1357, 40, 3456, 3, '1000', DATEADD('DAY', -114, CURRENT_TIMESTAMP), 'Arne', 'Arbeidsgiver', '41111111', 1, NULL, NULL),
('01K85WE4KGXWRXJYGHC48215YG', 'c7fe2b26-7e1e-4df1-9058-f113ef9c1c89', '92e0925b-c3fe-4c62-af58-b87d7f2f2549', U&'Bj\00f8rnstjerne', U&'Bj\00f8rnson', '28128521498', 'X123456', 'Kiwi Majorstuen', '999999999', DATEADD('DAY', -62, CURRENT_DATE), DATEADD('DAY', 30, CURRENT_DATE), 0.120, 0.020, 0.141, 'SOMMERJOBB', 20579, 40, 3456, 3, '1000', DATEADD('DAY', -114, CURRENT_TIMESTAMP), 'Arne', 'Arbeidsgiver', '41111111', 1, NULL, NULL),
('01K85WE4KHF2RJWSVDRE9N8VBK', '86567aa8-23cc-4caa-9f23-920436d34854', '7343bc28-5924-407c-aebd-27f7b5e2a4ae', U&'Bj\00f8rnstjerne', U&'Bj\00f8rnson', '28128521498', 'X123456', 'Kiwi Majorstuen', '999999999', DATEADD('DAY', -52, CURRENT_DATE), DATEADD('DAY', -23, CURRENT_DATE), 0.120, 0.020, 0.141, 'MIDLERTIDIG_LONNSTILSKUDD', 20579, 40, 3456, 3, '1000', DATEADD('DAY', -114, CURRENT_TIMESTAMP), 'Arne', 'Arbeidsgiver', '41111111', 1, NULL, NULL),
('01K85WE4KHNTVP1BW5HX55ZK7A', 'e3272f20-4312-496b-a647-b5fdc9bb41e9', '9db6b5f8-deea-4758-bdd5-8cc639007a2f', U&'Bj\00f8rnstjerne', U&'Bj\00f8rnson', '28128521498', 'X123456', 'Kiwi Majorstuen', '999999999', DATEADD('DAY', -52, CURRENT_DATE), DATEADD('DAY', -23, CURRENT_DATE), 0.120, 0.020, 0.141, 'SOMMERJOBB', 20579, 40, 3456, 3, '1000', DATEADD('DAY', -114, CURRENT_TIMESTAMP), 'Arne', 'Arbeidsgiver', '41111111', 1, NULL, NULL),
('01K85WE4KHJNXMEN75EN622QPH', '69bc33c3-520b-42bd-b11e-29284df9ca7a', '5b469efc-dd30-45f3-876d-786618c2fc52', 'Nils', 'Nilsen', '07049223188', 'X123456', 'Kiwi Majorstuen', '998877665', DATEADD('DAY', -52, CURRENT_DATE), DATEADD('DAY', -23, CURRENT_DATE), 0.120, 0.020, 0.141, 'SOMMERJOBB', 10579, 40, 3456, 3, '1000', DATEADD('DAY', -114, CURRENT_TIMESTAMP), 'Arne', 'Arbeidsgiver', '41111111', 1, NULL, NULL),
('01K85WE4KH7190F83X15D2WZDJ', '7fbbc4d1-8d28-4844-8903-0de767c49035', '7f444661-0eff-4e67-aace-87ff7b80188b', 'Inger', 'Hagerup', '07049223190', 'X123456', 'Kiwi Majorstuen', '998877665', DATEADD('DAY', -52, CURRENT_DATE), DATEADD('DAY', -23, CURRENT_DATE), 0.120, 0.020, 0.141, 'SOMMERJOBB', 10579, 40, 3456, 3, '1000', DATEADD('DAY', -114, CURRENT_TIMESTAMP), 'Arne', 'Arbeidsgiver', '41111111', 1, NULL, NULL);              
INSERT INTO "PUBLIC"."TILSKUDDSGRUNNLAG" VALUES
('01K85WE4KH2TS54AXV973Y8980', '920081ad-ca0d-44e7-b335-bcf5e67cd1ca', '0639db50-4495-44ce-b788-d8429c54f505', 'Amalie', 'Skram', '23119409195', 'X123456', 'Kiwi Majorstuen', '955555555', DATEADD('DAY', -113, CURRENT_DATE), DATEADD('DAY', -32, CURRENT_DATE), 0.120, 0.020, 0.141, 'SOMMERJOBB', 10579, 40, 3456, 3, '1000', DATEADD('DAY', -114, CURRENT_TIMESTAMP), 'Arne', 'Arbeidsgiver', '41111111', 1, NULL, NULL),
('01K85WE4KH4XF7FY3E2TD90FBR', '88d49339-386c-4c51-87e4-726ef9f08ec3', 'b9253fec-b992-4dff-9e88-9a277042638a', 'Amanda', 'Skram', '23119409195', 'X123456', 'Kiwi Majorstuen', '910712306', DATEADD('DAY', -113, CURRENT_DATE), DATEADD('DAY', -32, CURRENT_DATE), 0.120, 0.020, 0.141, 'SOMMERJOBB', 10579, 40, 3456, 3, '1000', DATEADD('DAY', -114, CURRENT_TIMESTAMP), 'Arne', 'Arbeidsgiver', '41111111', 1, NULL, NULL),
('01K85WE4KHR6WN6F80BGYBEKYN', '8e5393d9-5d56-4d92-8496-756aff8984e8', 'fe2ddf8d-53cb-4172-ad37-aadcd34f00e5', 'Suzanna', 'Hansen', '23119409195', 'X123456', 'Kiwi Majorstuen', '999999999', DATEADD('DAY', -52, CURRENT_DATE), DATEADD('DAY', -23, CURRENT_DATE), 0.120, 0.020, 0.141, 'SOMMERJOBB', 10579, 40, 3456, 3, '1000', DATEADD('DAY', -114, CURRENT_TIMESTAMP), 'Arne', 'Arbeidsgiver', '41111111', 1, NULL, NULL),
('01K85WE4KH22SQ4GQXTZV81YQQ', '2832a4ba-a415-425d-b007-9c21a3747067', '77358d63-5a86-4b24-b9d6-e0901b4086a8', 'Siri', 'Hansen', '23119409195', 'X123456', 'Kiwi Majorstuen', '999999999', DATEADD('DAY', -52, CURRENT_DATE), DATEADD('DAY', -23, CURRENT_DATE), 0.120, 0.020, 0.141, 'SOMMERJOBB', 10579, 40, 3456, 3, '1000', DATEADD('DAY', -114, CURRENT_TIMESTAMP), 'Arne', 'Arbeidsgiver', '41111111', 1, NULL, NULL),
('01K85WE4KHE5PJA4NC3QAMB3EN', '6a232d80-9872-4aae-aa36-7b61fa5231b7', 'b20e9ee5-80c0-4fdb-843e-26639d651466', 'Vidar', 'Olsen', '23119409195', 'X123456', 'Kiwi Majorstuen', '999999999', DATEADD('DAY', -52, CURRENT_DATE), DATEADD('DAY', -23, CURRENT_DATE), 0.120, 0.020, 0.141, 'VTAO', 6808, 40, 4414, 3, '1000', DATEADD('DAY', -114, CURRENT_TIMESTAMP), 'Arne', 'Arbeidsgiver', '41111111', 1, DATEADD('DAY', -144, CURRENT_DATE), DATEADD('DAY', 708, CURRENT_DATE)),
('01K85WE4KH070E9ATJYDET9S88', '29aadb2e-b665-4bf7-9b4e-cc9b04290ba8', '81af880e-608f-4deb-9aca-42623dc3c26f', 'Vidar', 'Olsen', '23119409195', 'X123456', 'Kiwi Majorstuen', '999999999', DATEADD('DAY', -52, CURRENT_DATE), DATEADD('DAY', -23, CURRENT_DATE), 0.120, 0.020, 0.141, 'VTAO', 6808, 40, 4414, 3, '1000', DATEADD('DAY', -114, CURRENT_TIMESTAMP), 'Arne', 'Arbeidsgiver', '41111111', 1, DATEADD('DAY', -114, CURRENT_DATE), DATEADD('DAY', 708, CURRENT_DATE)),
('01K85WE4KH3XS3PTMW25YRBBMZ', 'ff71c3c0-03b9-4f5c-b701-78406e76e903', '90cc7f94-f1f2-4456-ab6f-eb36ff07ed0f', 'Vidar', 'Olsen', '23119409195', 'X123456', 'Kiwi Majorstuen', '999999999', DATEADD('DAY', -52, CURRENT_DATE), DATEADD('DAY', -23, CURRENT_DATE), 0.120, 0.020, 0.141, 'VTAO', 6808, 40, 4414, 3, '1000', DATEADD('DAY', -114, CURRENT_TIMESTAMP), 'Arne', 'Arbeidsgiver', '41111111', 1, DATEADD('DAY', -114, CURRENT_DATE), DATEADD('DAY', 708, CURRENT_DATE)),
('01K85WE4KJ1AD15G4X1PFCC6HK', 'bb91867a-177b-47a7-97df-da7915689ae6', 'df28fb58-4361-495a-b186-45609cb487d3', 'Camilla', 'Collett', '07098142678', 'Z123456', 'Kiwi Majorstuen', '990000000', DATEADD('DAY', -52, CURRENT_DATE), DATEADD('DAY', -23, CURRENT_DATE), 0.120, 0.020, 0.141, 'SOMMERJOBB', 1357, 40, 3456, 3, '1000', DATEADD('DAY', -114, CURRENT_TIMESTAMP), 'Arne', 'Arbeidsgiver', '41111111', 1, NULL, NULL),
('01K85WE4KJ4FY3ZV689K0FQEJ6', '42ae53af-d912-4313-bcf2-b05343898a88', '62584d19-3821-4064-9593-c4e99d1c48e2', 'Snorre', 'Sturlason', '09078349333', 'Z123456', 'Kiwi Majorstuen', '999999999', DATEADD('DAY', -52, CURRENT_DATE), DATEADD('DAY', -23, CURRENT_DATE), 0.120, 0.020, 0.141, 'SOMMERJOBB', 13337, 40, 3456, 3, '1000', DATEADD('DAY', -114, CURRENT_TIMESTAMP), 'Arne', 'Arbeidsgiver', '41111111', 1, NULL, NULL),
('01K85WE4KJ9XBXEQT32DBFSGMM', 'a1db325b-39ff-4d46-8620-d063d7fb6bae', '8eb0d8e9-84dc-4467-9536-34ad3c0adf7b', 'Sigrid', 'Undset', '07098142678', 'Z123456', 'Kiwi Majorstuen', '990000000', DATEADD('DAY', -52, CURRENT_DATE), DATEADD('DAY', -23, CURRENT_DATE), 0.120, 0.020, 0.141, 'SOMMERJOBB', 1357, 40, 3456, 3, '1000', DATEADD('DAY', -114, CURRENT_TIMESTAMP), 'Arne', 'Arbeidsgiver', '41111111', 1, NULL, NULL),
('01K85WE4KJK8ME0DB5W4QZ8QAC', '8c189fd5-e875-4bd4-8463-6a89f19b32c6', '0dd9b1e1-6205-4f32-804a-b85dfc4f28f3', 'Henrik', 'Wergeland', '07098142678', 'Z123456', 'Kiwi Majorstuen', '990000000', DATEADD('DAY', -52, CURRENT_DATE), DATEADD('DAY', -23, CURRENT_DATE), 0.120, 0.020, 0.141, 'SOMMERJOBB', 1357, 40, 3456, 3, '1000', DATEADD('DAY', -114, CURRENT_TIMESTAMP), 'Arne', 'Arbeidsgiver', '41111111', 1, NULL, NULL);    
INSERT INTO "PUBLIC"."TILSKUDDSGRUNNLAG" VALUES
('01K85WE4KJDGYB3H25ZJWGJEMZ', '8753bcfa-1657-4a74-ad13-779352b4d0a4', 'c8308846-10f2-431d-a217-16c29efd9733', 'Jonas', 'Lie', '07098142678', 'Z123456', 'Kiwi Majorstuen', '910712306', DATEADD('DAY', -52, CURRENT_DATE), DATEADD('DAY', -23, CURRENT_DATE), 0.120, 0.020, 0.141, 'SOMMERJOBB', 1357, 40, 3456, 3, '1000', DATEADD('DAY', -114, CURRENT_TIMESTAMP), 'Arne', 'Arbeidsgiver', '41111111', 1, NULL, NULL),
('01K85WE4KJQK404DK5RHCZSN9S', '88d63d6b-a1a7-4474-a00b-19724a99aaf2', 'a7403d9f-b52f-4196-b159-24fd993553bf', U&'Bj\00f8rnstjerne', U&'Bj\00f8rnson', '28128521498', 'X123456', 'Kiwi Majorstuen', '999999999', DATEADD('DAY', -52, CURRENT_DATE), DATEADD('DAY', -23, CURRENT_DATE), 0.120, 0.020, 0.141, 'SOMMERJOBB', 20579, 40, 3456, 3, '1000', DATEADD('DAY', -114, CURRENT_TIMESTAMP), 'Arne', 'Arbeidsgiver', '41111111', 1, NULL, NULL),
('01K85WE4KG38Q5HB6TD13VPQFS', 'd90de5af-3ae1-42d5-a0b7-02cb510f2409', '10710e2d-f20d-4846-88d0-4f07542ec75d', U&'Bj\00f8rnstjerne', U&'Bj\00f8rnson', '28128521498', 'X123456', 'Kiwi Majorstuen', '999999999', DATEADD('DAY', -52, CURRENT_DATE), DATEADD('DAY', -23, CURRENT_DATE), 0.120, 0.020, 0.141, 'SOMMERJOBB', 20579, 40, 3456, 3, '1000', DATEADD('DAY', -114, CURRENT_TIMESTAMP), 'Arne', 'Arbeidsgiver', '41111111', 1, NULL, NULL),
('01K85WE4KJF3XP9KFDM4R7P1K0', '11c1104f-8d55-44cd-a1ca-621b115103f8', '547feb78-8d2b-4757-842e-3194e9c3986b', 'Nils', 'Nilsen', '07049223188', 'X123456', 'Kiwi Majorstuen', '998877665', DATEADD('DAY', -52, CURRENT_DATE), DATEADD('DAY', -23, CURRENT_DATE), 0.120, 0.020, 0.141, 'SOMMERJOBB', 10579, 40, 3456, 3, '1000', DATEADD('DAY', -114, CURRENT_TIMESTAMP), 'Arne', 'Arbeidsgiver', '41111111', 1, NULL, NULL),
('01K85WE4KJH58S0XBRK2YVX6AM', '8a4d2a31-82b8-41d2-a13b-4862b5d5e3b0', 'e0c1c18a-87f5-4afa-8dd2-bc4403062577', 'Inger', 'Hagerup', '07049223190', 'X123456', 'Kiwi Majorstuen', '998877665', DATEADD('DAY', -52, CURRENT_DATE), DATEADD('DAY', -23, CURRENT_DATE), 0.120, 0.020, 0.141, 'SOMMERJOBB', 10579, 40, 3456, 3, '1000', DATEADD('DAY', -114, CURRENT_TIMESTAMP), 'Arne', 'Arbeidsgiver', '41111111', 1, NULL, NULL),
('01K85WE4KJYJ9HQQJ6AJQ0BRX2', '707b8956-dc38-493b-befe-46dc3f5581f0', 'debe70d6-c180-4a36-848b-fe2d6245318c', 'Amalie', 'Skram', '23119409195', 'X123456', 'Kiwi Majorstuen', '955555555', DATEADD('DAY', -113, CURRENT_DATE), DATEADD('DAY', -32, CURRENT_DATE), 0.120, 0.020, 0.141, 'SOMMERJOBB', 10579, 40, 3456, 3, '1000', DATEADD('DAY', -114, CURRENT_TIMESTAMP), 'Arne', 'Arbeidsgiver', '41111111', 1, NULL, NULL),
('01K85WE4KJDBFNTVYFV7TTDBJ6', 'd159d4ab-a90c-45e7-b125-0ec066f52c00', '1e9a43e3-874e-40b4-913f-27c98a41f521', 'Suzanna', 'Hansen', '23119409195', 'X123456', 'Kiwi Majorstuen', '999999999', DATEADD('DAY', -52, CURRENT_DATE), DATEADD('DAY', -23, CURRENT_DATE), 0.120, 0.020, 0.141, 'SOMMERJOBB', 10579, 40, 3456, 3, '1000', DATEADD('DAY', -114, CURRENT_TIMESTAMP), 'Arne', 'Arbeidsgiver', '41111111', 1, NULL, NULL),
('01K85WE4KJQ2X7GGXDVM9KT108', '1a90720c-5dd6-4500-9b9e-3e610b3a3bb3', '803349d2-d351-4206-a1ea-b1e8df779317', 'Siri', 'Hansen', '23119409195', 'X123456', 'Kiwi Majorstuen', '999999999', DATEADD('DAY', -52, CURRENT_DATE), DATEADD('DAY', -23, CURRENT_DATE), 0.120, 0.020, 0.141, 'SOMMERJOBB', 10579, 40, 3456, 3, '1000', DATEADD('DAY', -114, CURRENT_TIMESTAMP), 'Arne', 'Arbeidsgiver', '41111111', 1, NULL, NULL),
('01K85WE4KJCV0FMVT5FAMJNTGA', 'cfd6e4e9-489e-44f1-9c9e-4f6b736abd3b', '6bc0cdfb-01b2-4238-8e41-6ef7bd479e54', 'Camilla', 'Collett', '07098142678', 'Z123456', 'Kiwi Majorstuen', '990000000', DATEADD('DAY', -52, CURRENT_DATE), DATEADD('DAY', -23, CURRENT_DATE), 0.120, 0.020, 0.141, 'SOMMERJOBB', 1357, 40, 3456, 3, '1000', DATEADD('DAY', -114, CURRENT_TIMESTAMP), 'Arne', 'Arbeidsgiver', '41111111', 1, NULL, NULL),
('01K85WE4KJB5NTG0Z0WAWWERYQ', 'f6eb7be6-5f25-4795-97dc-3d2b2490f472', '19f9cdcd-13c1-4838-ae99-5773a8c37098', 'Sigrid', 'Undset', '07098142678', 'Z123456', 'Kiwi Majorstuen', '990000000', DATEADD('DAY', -52, CURRENT_DATE), DATEADD('DAY', -23, CURRENT_DATE), 0.120, 0.020, 0.141, 'SOMMERJOBB', 1357, 40, 3456, 3, '1000', DATEADD('DAY', -114, CURRENT_TIMESTAMP), 'Arne', 'Arbeidsgiver', '41111111', 1, NULL, NULL),
('01K85WE4KJE4JR9EFXM2TRJTH2', '061abf99-78c2-49d8-a3ca-5314343865e4', 'dd81b444-bdf8-460f-b479-5bd8fb74535d', 'Henrik', 'Wergeland', '07098142678', 'Z123456', 'Kiwi Majorstuen', '990000000', DATEADD('DAY', -52, CURRENT_DATE), DATEADD('DAY', -23, CURRENT_DATE), 0.120, 0.020, 0.141, 'SOMMERJOBB', 1357, 40, 3456, 3, '1000', DATEADD('DAY', -114, CURRENT_TIMESTAMP), 'Arne', 'Arbeidsgiver', '41111111', 1, NULL, NULL);     
INSERT INTO "PUBLIC"."TILSKUDDSGRUNNLAG" VALUES
('01K85WE4KJ56TFJ5MVKNBW5MVP', '5e7f3113-2618-492d-bf52-96dc3ca8666d', '10a7bd2d-7750-42eb-82c4-3df6d9b0a324', 'Jonas', 'Lie', '07098142678', 'Z123456', 'Kiwi Majorstuen', '910712306', DATEADD('DAY', -52, CURRENT_DATE), DATEADD('DAY', -23, CURRENT_DATE), 0.120, 0.020, 0.141, 'SOMMERJOBB', 1357, 40, 3456, 3, '1000', DATEADD('DAY', -114, CURRENT_TIMESTAMP), 'Arne', 'Arbeidsgiver', '41111111', 1, NULL, NULL),
('01K85WE4KJMDDATAJ1PE3GCHP0', 'a10ae1ed-9640-43f6-92fe-daf3d4b94a52', 'a9a3a7c0-74c8-479a-be5d-a56244d88959', 'Geir', 'Geirsen', '18079238011', 'Z123456', 'Kiwi Majorstuen', '999999999', DATEADD('DAY', -52, CURRENT_DATE), DATEADD('DAY', -23, CURRENT_DATE), 0.120, 0.020, 0.141, 'MIDLERTIDIG_LONNSTILSKUDD', 13337, 40, 3456, 3, '1000', DATEADD('DAY', -114, CURRENT_TIMESTAMP), 'Arne', 'Arbeidsgiver', '41111111', 1, NULL, NULL),
('01K85WE4KJT3TND2VSW1NZQ532', '938fc1fb-d8e4-4e79-a7ea-83a68202445f', '1d2d70c7-a82f-4fbf-bc44-5ea41af60437', 'Grim', 'Grimesen', '30038738743', 'X123456', 'Kiwi Majorstuen', '999999999', DATEADD('DAY', -52, CURRENT_DATE), DATEADD('DAY', -23, CURRENT_DATE), 0.120, 0.020, 0.141, 'VARIG_LONNSTILSKUDD', 7E+4, 40, 3456, 3, '1000', DATEADD('DAY', -114, CURRENT_TIMESTAMP), 'Arne', 'Arbeidsgiver', '41111111', 1, NULL, NULL),
('01K85WE4KJDDMDXAZY4NHRZVHM', '1f0e8eda-3098-4a93-a04d-3ef50644aef6', '4849c81c-c47d-4809-9adb-073b050efdd0', 'Formye', 'Ferietrekksen', '28061827902', 'Z123456', 'Kiwi Majorstuen', '999999999', DATEADD('DAY', -52, CURRENT_DATE), DATEADD('DAY', -23, CURRENT_DATE), 0.120, 0.020, 0.141, 'SOMMERJOBB', 13337, 40, 3456, 3, '1000', DATEADD('DAY', -114, CURRENT_TIMESTAMP), 'Arne', 'Arbeidsgiver', '41111111', 1, NULL, NULL),
('01K85WE4KHH0N01PFVYQMHNGQF', '1bbbe25d-117d-4e98-a926-7e3707d79eb2', '6cae4cd0-b411-4ad2-af0c-a136e3c62d87', 'Snorre', 'Sturlason', '09078349333', 'Z123456', 'Kiwi Majorstuen', '999999999', DATEADD('DAY', -22, CURRENT_DATE), DATEADD('DAY', -2, CURRENT_DATE), 0.120, 0.020, 0.141, 'SOMMERJOBB', 13337, 40, 3456, 3, '1000', DATEADD('DAY', -114, CURRENT_TIMESTAMP), 'Arne', 'Arbeidsgiver', '41111111', 1, NULL, NULL),
('01K85WE4KJ4K6ZHD95030SW84R', '5073d8ca-f862-42ef-a2fe-508c0d974aea', '69e26fcc-3615-47da-8e4d-818d3668e1d4', 'Bjartulf', 'Ferietrekksen', '26089638754', 'X123456', 'Kiwi Majorstuen', '999999999', DATEADD('DAY', -52, CURRENT_DATE), DATEADD('DAY', -23, CURRENT_DATE), 0.120, 0.020, 0.141, 'MIDLERTIDIG_LONNSTILSKUDD', 20579, 40, 3456, 3, '1000', DATEADD('DAY', -114, CURRENT_TIMESTAMP), 'Arne', 'Arbeidsgiver', '41111111', 1, NULL, NULL),
('01K85WE4KJR1CHKPQ5HEN2KC5W', '8c6bf18b-07c5-45f6-ab25-f901f3cd33e9', 'b870e8ff-3db5-459a-8e27-5326b56935af', 'Plussulf', 'Ferietrekksen', '23039648083', 'X123456', 'Kiwi Majorstuen', '999999999', DATEADD('DAY', -52, CURRENT_DATE), DATEADD('DAY', -23, CURRENT_DATE), 0.120, 0.020, 0.141, 'MIDLERTIDIG_LONNSTILSKUDD', 20579, 40, 3456, 3, '1000', DATEADD('DAY', -114, CURRENT_TIMESTAMP), 'Arne', 'Arbeidsgiver', '41111111', 1, NULL, NULL),
('01K85WE4KJWDA20DAR924WDJNT', 'f79838e5-ea94-4868-a648-5e09ba6b2ac1', 'a34e2948-4e76-446f-85b7-aa3e59dd9d43', 'Olav', 'Over5gsen', '08098138758', 'X123456', 'Kiwi Majorstuen', '999999999', DATEADD('DAY', -52, CURRENT_DATE), DATEADD('DAY', -23, CURRENT_DATE), 0.120, 0.020, 0.141, 'VARIG_LONNSTILSKUDD', 7E+4, 40, 3456, 3, '1000', DATEADD('DAY', -114, CURRENT_TIMESTAMP), 'Arne', 'Arbeidsgiver', '41111111', 1, NULL, NULL),
('01K85WE4KJRSXSEV0WFFAKZAMH', '803cb4b8-f93e-4104-a494-5cd5c3fae633', '550e6659-65d7-4f0d-97dd-5fa125523681', 'Olav', 'Over5gsen', '08098138758', 'X123456', 'Kiwi Majorstuen', '999999999', DATEADD('DAY', -52, CURRENT_DATE), DATEADD('DAY', -23, CURRENT_DATE), 0.120, 0.020, 0.141, 'VARIG_LONNSTILSKUDD', 7E+4, 40, 3456, 3, '1000', DATEADD('DAY', -114, CURRENT_TIMESTAMP), 'Arne', 'Arbeidsgiver', '41111111', 1, NULL, NULL),
('01K85WE4KJRJDF9J4NTESS4QNG', 'f7f6b0fd-b3b9-451a-addd-0e068fc5843a', 'dc7021a4-d2f7-4d93-83fd-bb55c7b21a98', 'Olav', 'Over5gsen', '08098138758', 'X123456', 'Kiwi Majorstuen', '999999999', DATEADD('DAY', -52, CURRENT_DATE), DATEADD('DAY', -23, CURRENT_DATE), 0.120, 0.020, 0.141, 'VARIG_LONNSTILSKUDD', 7E+4, 40, 3456, 3, '1000', DATEADD('DAY', -114, CURRENT_TIMESTAMP), 'Arne', 'Arbeidsgiver', '41111111', 1, NULL, NULL),
('01K85WE4KJ626Q1HWTE2JHHQ3J', 'a2b3438f-13b1-4c32-80b9-47208b4af80a', 'ff328afc-d7d3-4e29-b161-297c870c35a5', 'Olav', 'Over5gsen', '08098138758', 'X123456', 'Kiwi Majorstuen', '999999999', DATEADD('DAY', -52, CURRENT_DATE), DATEADD('DAY', -23, CURRENT_DATE), 0.120, 0.020, 0.141, 'VARIG_LONNSTILSKUDD', 7E+4, 40, 3456, 3, '1000', DATEADD('DAY', -114, CURRENT_TIMESTAMP), 'Arne', 'Arbeidsgiver', '41111111', 1, NULL, NULL);        
INSERT INTO "PUBLIC"."TILSKUDDSGRUNNLAG" VALUES
('01K85WE4KJZYQCQ0PNXM4ZFA01', 'ee057a4e-ead8-43b9-abe2-d250b4186bbd', '76984bdf-41ce-438f-afb1-9f888ea6aa56', 'Olav', 'Over5gsen', '08098138758', 'X123456', 'Kiwi Majorstuen', '999999999', DATEADD('DAY', -52, CURRENT_DATE), DATEADD('DAY', -23, CURRENT_DATE), 0.120, 0.020, 0.141, 'VARIG_LONNSTILSKUDD', 7E+4, 40, 3456, 3, '1000', DATEADD('DAY', -114, CURRENT_TIMESTAMP), 'Arne', 'Arbeidsgiver', '41111111', 1, NULL, NULL),
('01K85WE4KJA00CBQKQSNR0RK8M', '4ffc46e5-68cb-488b-9fcf-ed73e131dda9', '18cca24d-eacd-4a8d-9367-cf66ca56df67', 'Olav', 'Over5gsen', '08098138758', 'X123456', 'Kiwi Majorstuen', '999999999', DATEADD('DAY', -52, CURRENT_DATE), DATEADD('DAY', -23, CURRENT_DATE), 0.120, 0.020, 0.141, 'VARIG_LONNSTILSKUDD', 7E+4, 40, 3456, 3, '1000', DATEADD('DAY', -114, CURRENT_TIMESTAMP), 'Arne', 'Arbeidsgiver', '41111111', 1, NULL, NULL),
('01K85WE4KJDZWH936FN3JWA1V6', 'a8fcbb68-0087-4bef-8b9e-3472cee83070', '9467ab72-69bf-41c8-97f7-a33f876d3267', 'Olav', 'Over5gsen', '08098138758', 'X123456', 'Kiwi Majorstuen', '999999999', DATEADD('DAY', -52, CURRENT_DATE), DATEADD('DAY', -23, CURRENT_DATE), 0.120, 0.020, 0.141, 'VARIG_LONNSTILSKUDD', 7E+4, 40, 3456, 3, '1000', DATEADD('DAY', -114, CURRENT_TIMESTAMP), 'Arne', 'Arbeidsgiver', '41111111', 1, NULL, NULL),
('01K85WE4KKMXWDBC4ZXC490P9W', '8d35dcd0-9972-4428-b0e3-74239e3152c8', '0dc60532-36d9-4424-908d-fc8e8030f614', 'Olav', 'Over5gsen', '08098138758', 'X123456', 'Kiwi Majorstuen', '999999999', DATEADD('DAY', -52, CURRENT_DATE), DATEADD('DAY', -23, CURRENT_DATE), 0.120, 0.020, 0.141, 'VARIG_LONNSTILSKUDD', 7E+4, 40, 3456, 3, '1000', DATEADD('DAY', -114, CURRENT_TIMESTAMP), 'Arne', 'Arbeidsgiver', '41111111', 1, NULL, NULL),
('01K85WE4KKDCJYCSWXVC59CB20', '9c6c5c82-f1b4-4c9f-8d3a-85dc44abaefd', '65790330-25ce-4829-9d8a-16091f81b471', 'Olav', 'Over5gsen', '08098138758', 'X123456', 'Kiwi Majorstuen', '999999999', DATEADD('DAY', -52, CURRENT_DATE), DATEADD('DAY', -23, CURRENT_DATE), 0.120, 0.020, 0.141, 'VARIG_LONNSTILSKUDD', 5.5E+4, 40, 3456, 3, '1000', DATEADD('DAY', -114, CURRENT_TIMESTAMP), 'Arne', 'Arbeidsgiver', '41111111', 1, NULL, NULL),
('01K85WE4KKH5RG5ESJDAH7RQD6', 'b5d33674-fa73-449e-9a16-773646eb6c9e', '67cf22c5-bf5f-424e-a46a-bfae12dd9d2a', 'Olav', 'Over5gsen', '08098138758', 'X123456', 'Kiwi Majorstuen', '999999999', DATEADD('DAY', -52, CURRENT_DATE), DATEADD('DAY', -23, CURRENT_DATE), 0.120, 0.020, 0.141, 'VARIG_LONNSTILSKUDD', 5.5E+4, 40, 3456, 3, '1000', DATEADD('DAY', -114, CURRENT_TIMESTAMP), 'Arne', 'Arbeidsgiver', '41111111', 1, NULL, NULL);  
CREATE INDEX "PUBLIC"."INDEX_F" ON "PUBLIC"."TILSKUDDSGRUNNLAG"("AVTALE_NR" NULLS FIRST);      
CREATE INDEX "PUBLIC"."TILSKUDDSGRUNNLAG_TILSKUDDPERIODE_ID_IDX" ON "PUBLIC"."TILSKUDDSGRUNNLAG"("TILSKUDDSPERIODE_ID" NULLS FIRST);           
CREATE MEMORY TABLE "PUBLIC"."KORREKSJON"(
    "ID" CHARACTER VARYING NOT NULL,
    "KORRIGERER_REFUSJON_ID" CHARACTER VARYING,
    "REFUSJONSGRUNNLAG_ID" CHARACTER VARYING,
    "KORREKSJONSNUMMER" INTEGER,
    "DELTAKER_FNR" CHARACTER VARYING(11),
    "BEDRIFT_NR" CHARACTER VARYING(9),
    "KOSTNADSSTED" CHARACTER VARYING,
    "GODKJENT_TIDSPUNKT" TIMESTAMP,
    "GODKJENT_AV_NAV_IDENT" CHARACTER VARYING,
    "BESLUTTET_AV_NAV_IDENT" CHARACTER VARYING,
    "BESLUTTET_TIDSPUNKT" TIMESTAMP,
    "STATUS" CHARACTER VARYING,
    "UNNTAK_OM_INNTEKTER_FREMITID" DECFLOAT DEFAULT 0,
    "ANNEN_GRUNN" CHARACTER VARYING DEFAULT NULL
);       
ALTER TABLE "PUBLIC"."KORREKSJON" ADD CONSTRAINT "PUBLIC"."CONSTRAINT_48" PRIMARY KEY("ID");   
-- 0 +/- SELECT COUNT(*) FROM PUBLIC.KORREKSJON;               
CREATE MEMORY TABLE "PUBLIC"."INNTEKTSLINJE"(
    "ID" CHARACTER VARYING NOT NULL,
    "INNTEKTSGRUNNLAG_ID" CHARACTER VARYING,
    "INNTEKT_TYPE" CHARACTER VARYING,
    U&"BEL\00d8P" DECFLOAT,
    U&"M\00c5NED" CHARACTER VARYING,
    "OPPTJENINGSPERIODE_FOM" DATE,
    "OPPTJENINGSPERIODE_TOM" DATE,
    "BESKRIVELSE" CHARACTER VARYING,
    "ER_OPPTJENT_I_PERIODE" BOOLEAN DEFAULT NULL
);          
ALTER TABLE "PUBLIC"."INNTEKTSLINJE" ADD CONSTRAINT "PUBLIC"."CONSTRAINT_3" PRIMARY KEY("ID"); 
-- 15 +/- SELECT COUNT(*) FROM PUBLIC.INNTEKTSLINJE;           
INSERT INTO "PUBLIC"."INNTEKTSLINJE" VALUES
('01K85WE4KF2TD39SXTRGNB71FX', '01K85WE4KFBDMZQY0TTJG5QDJY', 'LOENNSINNTEKT', 7777, '2025-04', NULL, NULL, 'timeloenn', TRUE),
('01K85WE4KHTQNRVD6Y5A4VNM4Z', '01K85WE4KHS6S7XGW2YMSNSX6Q', 'LOENNSINNTEKT', 7777, '2025-09', NULL, NULL, 'timeloenn', TRUE),
('01K85WE4KHB990CEEPKGTSRKET', '01K85WE4KHWPGH2HVMMDEN1151', 'LOENNSINNTEKT', 7777, '2025-09', NULL, NULL, 'timeloenn', TRUE),
('01K85WE4KG1B5YV0KAWHQ7C2D4', '01K85WE4KGC8E2GDC7EGR1Z9TV', 'LOENNSINNTEKT', 7777, '2025-09', NULL, NULL, 'timeloenn', TRUE),
('01K85WE4KJ77K5VB7PA9ZVSDCQ', '01K85WE4KJ18HR0YYEXCMS4J4K', 'LOENNSINNTEKT', 7777, '2025-09', NULL, NULL, 'timeloenn', TRUE),
('01K85WE4KJFVVV7FJCJ82NVRGP', '01K85WE4KJTSZE1QAKEXB7FEHS', 'LOENNSINNTEKT', 7777, '2025-09', NULL, NULL, 'timeloenn', TRUE),
('01K85WE4KHHVP6R3ZSQA02QSA6', '01K85WE4KHGGCEJ25EGXG304TN', 'LOENNSINNTEKT', 7777, '2025-09', NULL, NULL, 'timeloenn', TRUE),
('01K85WE4KJSSYZ8ZXPBM6WQG72', '01K85WE4KJMN7S1J2R2C387J5V', 'LOENNSINNTEKT', 2E+5, '2025-09', NULL, NULL, 'timeloenn', TRUE),
('01K85WE4KJMGTWFKM6PZSG1RP1', '01K85WE4KJK6TSESMGWF13ATPF', 'LOENNSINNTEKT', 2E+5, '2025-09', NULL, NULL, 'timeloenn', TRUE),
('01K85WE4KJQSVG9578AQPFG15N', '01K85WE4KJ9PZZ7B0D0529BXJN', 'LOENNSINNTEKT', 2E+5, '2025-09', NULL, NULL, 'timeloenn', TRUE),
('01K85WE4KJNJZCWMTB7C3D0PPN', '01K85WE4KJGYW3FQNY38CYCQNT', 'LOENNSINNTEKT', 2E+5, '2025-09', NULL, NULL, 'timeloenn', TRUE),
('01K85WE4KJ7CYPWNJ55B1H9GE9', '01K85WE4KJNYAQ1XGKK59AKQ3M', 'LOENNSINNTEKT', 2E+5, '2025-09', NULL, NULL, 'timeloenn', TRUE),
('01K85WE4KJ0JZTWC1N8ZWNTN49', '01K85WE4KJ6TSV4WG7DEX1RKS7', 'LOENNSINNTEKT', 2E+5, '2025-09', NULL, NULL, 'timeloenn', TRUE),
('01K85WE4KJR5X95QH4MR9WA4WE', '01K85WE4KJ5C0T42P4TT0BPDH9', 'LOENNSINNTEKT', 2E+5, '2025-09', NULL, NULL, 'timeloenn', TRUE),
('01K85WE4KK1CDHEHE0E6NKHXMJ', '01K85WE4KK3D0536Y7JYNM32WP', 'LOENNSINNTEKT', 2E+5, '2025-09', NULL, NULL, 'timeloenn', TRUE);   
CREATE INDEX "PUBLIC"."INNTEKTSLINJE_INNTEKSGRUNNLAG" ON "PUBLIC"."INNTEKTSLINJE"("INNTEKTSGRUNNLAG_ID" NULLS FIRST);          
CREATE MEMORY TABLE "PUBLIC"."HENDELSESLOGG"(
    "ID" CHARACTER VARYING NOT NULL,
    "APP_IMAGE_ID" CHARACTER VARYING,
    "REFUSJON_ID" CHARACTER VARYING,
    "KORREKSJON_ID" CHARACTER VARYING,
    "EVENT" CHARACTER VARYING,
    U&"UTF\00d8RT_AV" CHARACTER VARYING,
    "TIDSPUNKT" TIMESTAMP WITH TIME ZONE,
    "METADATA" JSON DEFAULT NULL,
    U&"UTF\00d8RT_ROLLE" CHARACTER VARYING DEFAULT NULL
);            
ALTER TABLE "PUBLIC"."HENDELSESLOGG" ADD CONSTRAINT "PUBLIC"."CONSTRAINT_D" PRIMARY KEY("ID"); 
-- 64 +/- SELECT COUNT(*) FROM PUBLIC.HENDELSESLOGG;           
INSERT INTO "PUBLIC"."HENDELSESLOGG" VALUES
('01K85WE4P3G4MK57SYBDM0EXWB', 'ghcr.io/navikt/tiltak-refusjon-api/tiltak-refusjon-api:804742e2ce6cffec5d1b51715215c6734642cb30', '01K85WE4KHQF1ZKCKX44BKAMJ4', NULL, 'RefusjonOpprettet', 'system', TIMESTAMP WITH TIME ZONE '2025-10-22 11:56:27.203395+00', NULL, 'SYSTEM'),
('01K85WE4P477YN6RS257D0MEPZ', 'ghcr.io/navikt/tiltak-refusjon-api/tiltak-refusjon-api:804742e2ce6cffec5d1b51715215c6734642cb30', '01K85WE4KH1GRZ10GV0W4KMK3Y', NULL, 'RefusjonOpprettet', 'system', TIMESTAMP WITH TIME ZONE '2025-10-22 11:56:27.204459+00', NULL, 'SYSTEM'),
('01K85WE4P43MMP7X2481CY91BA', 'ghcr.io/navikt/tiltak-refusjon-api/tiltak-refusjon-api:804742e2ce6cffec5d1b51715215c6734642cb30', '01K85WE4KHCBN3MKE3R02Q5SCV', NULL, 'RefusjonOpprettet', 'system', TIMESTAMP WITH TIME ZONE '2025-10-22 11:56:27.204723+00', NULL, 'SYSTEM'),
('01K85WE4P4QPYYGRR8WJCT1CEY', 'ghcr.io/navikt/tiltak-refusjon-api/tiltak-refusjon-api:804742e2ce6cffec5d1b51715215c6734642cb30', '01K85WE4KHX4DH9ZH4B0QGPPXC', NULL, 'RefusjonOpprettet', 'system', TIMESTAMP WITH TIME ZONE '2025-10-22 11:56:27.204911+00', NULL, 'SYSTEM'),
('01K85WE4P5MK1QWQ154JWCACWQ', 'ghcr.io/navikt/tiltak-refusjon-api/tiltak-refusjon-api:804742e2ce6cffec5d1b51715215c6734642cb30', '01K85WE4KDKMR65YCESDWVB300', NULL, 'RefusjonOpprettet', 'system', TIMESTAMP WITH TIME ZONE '2025-10-22 11:56:27.205084+00', NULL, 'SYSTEM'),
('01K85WE4P5Z25YM8NW2CKCGRT8', 'ghcr.io/navikt/tiltak-refusjon-api/tiltak-refusjon-api:804742e2ce6cffec5d1b51715215c6734642cb30', '01K85WE4KF4QQ98SZRYP1DY3XF', NULL, 'RefusjonOpprettet', 'system', TIMESTAMP WITH TIME ZONE '2025-10-22 11:56:27.205253+00', NULL, 'SYSTEM'),
('01K85WE4P5D3YE2G10BST4F2P9', 'ghcr.io/navikt/tiltak-refusjon-api/tiltak-refusjon-api:804742e2ce6cffec5d1b51715215c6734642cb30', '01K85WE4KF4QQ98SZRYP1DY3XF', NULL, 'GodkjentAvArbeidsgiver', 'testsystem', TIMESTAMP WITH TIME ZONE '2025-10-22 11:56:27.205503+00', NULL, 'SYSTEM'),
('01K85WE4P5TQAX4SX8WM5AZB8P', 'ghcr.io/navikt/tiltak-refusjon-api/tiltak-refusjon-api:804742e2ce6cffec5d1b51715215c6734642cb30', '01K85WE4KGY7182B6NZH3A3KR5', NULL, 'RefusjonOpprettet', 'system', TIMESTAMP WITH TIME ZONE '2025-10-22 11:56:27.205836+00', NULL, 'SYSTEM'),
('01K85WE4P6TNY3PSDBQ9QGT5AX', 'ghcr.io/navikt/tiltak-refusjon-api/tiltak-refusjon-api:804742e2ce6cffec5d1b51715215c6734642cb30', '01K85WE4KH0K0YMB6AM7HT04PD', NULL, 'RefusjonOpprettet', 'system', TIMESTAMP WITH TIME ZONE '2025-10-22 11:56:27.206028+00', NULL, 'SYSTEM'),
('01K85WE4P623S6679PR6W7BNH3', 'ghcr.io/navikt/tiltak-refusjon-api/tiltak-refusjon-api:804742e2ce6cffec5d1b51715215c6734642cb30', '01K85WE4KHJTF3JVN8WXXCP6BW', NULL, 'RefusjonOpprettet', 'system', TIMESTAMP WITH TIME ZONE '2025-10-22 11:56:27.20621+00', NULL, 'SYSTEM'),
('01K85WE4P6S6B0GQEJ5H17WWR9', 'ghcr.io/navikt/tiltak-refusjon-api/tiltak-refusjon-api:804742e2ce6cffec5d1b51715215c6734642cb30', '01K85WE4KH5MG4TG34BNKVXBAD', NULL, 'RefusjonOpprettet', 'system', TIMESTAMP WITH TIME ZONE '2025-10-22 11:56:27.20638+00', NULL, 'SYSTEM'),
('01K85WE4P64WXWJQBH7XTTT0K2', 'ghcr.io/navikt/tiltak-refusjon-api/tiltak-refusjon-api:804742e2ce6cffec5d1b51715215c6734642cb30', '01K85WE4KHH1KRHB4039GFCM5F', NULL, 'RefusjonOpprettet', 'system', TIMESTAMP WITH TIME ZONE '2025-10-22 11:56:27.206554+00', NULL, 'SYSTEM'),
('01K85WE4P6G24FBX74BYFCFV8A', 'ghcr.io/navikt/tiltak-refusjon-api/tiltak-refusjon-api:804742e2ce6cffec5d1b51715215c6734642cb30', '01K85WE4KH5DS095ZJ67MX9RJF', NULL, 'RefusjonOpprettet', 'system', TIMESTAMP WITH TIME ZONE '2025-10-22 11:56:27.206736+00', NULL, 'SYSTEM'),
('01K85WE4P6VBVS8K999474DRVX', 'ghcr.io/navikt/tiltak-refusjon-api/tiltak-refusjon-api:804742e2ce6cffec5d1b51715215c6734642cb30', '01K85WE4KH5WMKNPEPNZD9F86J', NULL, 'RefusjonOpprettet', 'system', TIMESTAMP WITH TIME ZONE '2025-10-22 11:56:27.206908+00', NULL, 'SYSTEM'),
('01K85WE4P7MDW3X83YJ2FBMQM0', 'ghcr.io/navikt/tiltak-refusjon-api/tiltak-refusjon-api:804742e2ce6cffec5d1b51715215c6734642cb30', '01K85WE4KHNKE7QYC771133CNC', NULL, 'RefusjonOpprettet', 'system', TIMESTAMP WITH TIME ZONE '2025-10-22 11:56:27.207085+00', NULL, 'SYSTEM');             
INSERT INTO "PUBLIC"."HENDELSESLOGG" VALUES
('01K85WE4P7BQ8WXS4BDA7M9W9F', 'ghcr.io/navikt/tiltak-refusjon-api/tiltak-refusjon-api:804742e2ce6cffec5d1b51715215c6734642cb30', '01K85WE4KHNKE7QYC771133CNC', NULL, 'GodkjentAvArbeidsgiver', 'testsystem', TIMESTAMP WITH TIME ZONE '2025-10-22 11:56:27.207245+00', NULL, 'SYSTEM'),
('01K85WE4P7Q1A90517D0WDX4K0', 'ghcr.io/navikt/tiltak-refusjon-api/tiltak-refusjon-api:804742e2ce6cffec5d1b51715215c6734642cb30', '01K85WE4KH4BCQ6249YDHFVM5M', NULL, 'RefusjonOpprettet', 'system', TIMESTAMP WITH TIME ZONE '2025-10-22 11:56:27.207424+00', NULL, 'SYSTEM'),
('01K85WE4P7QA3WZ5A707JQ510R', 'ghcr.io/navikt/tiltak-refusjon-api/tiltak-refusjon-api:804742e2ce6cffec5d1b51715215c6734642cb30', '01K85WE4KH4BCQ6249YDHFVM5M', NULL, 'GodkjentAvArbeidsgiver', 'testsystem', TIMESTAMP WITH TIME ZONE '2025-10-22 11:56:27.20759+00', NULL, 'SYSTEM'),
('01K85WE4P7ZY3PZWNZSMP81XJ6', 'ghcr.io/navikt/tiltak-refusjon-api/tiltak-refusjon-api:804742e2ce6cffec5d1b51715215c6734642cb30', '01K85WE4KHWQJ63BVV0DQEV1QS', NULL, 'RefusjonOpprettet', 'system', TIMESTAMP WITH TIME ZONE '2025-10-22 11:56:27.207778+00', NULL, 'SYSTEM'),
('01K85WE4P77410H7W17KY8FVQ3', 'ghcr.io/navikt/tiltak-refusjon-api/tiltak-refusjon-api:804742e2ce6cffec5d1b51715215c6734642cb30', '01K85WE4KHC8D33ZVC42K8G8H8', NULL, 'RefusjonOpprettet', 'system', TIMESTAMP WITH TIME ZONE '2025-10-22 11:56:27.207945+00', NULL, 'SYSTEM'),
('01K85WE4P8BT073KS5TK4BCCN0', 'ghcr.io/navikt/tiltak-refusjon-api/tiltak-refusjon-api:804742e2ce6cffec5d1b51715215c6734642cb30', '01K85WE4KJE97ETMHR7WDPSPPZ', NULL, 'RefusjonOpprettet', 'system', TIMESTAMP WITH TIME ZONE '2025-10-22 11:56:27.208107+00', NULL, 'SYSTEM'),
('01K85WE4P8W75FFRHTZGSR6S0F', 'ghcr.io/navikt/tiltak-refusjon-api/tiltak-refusjon-api:804742e2ce6cffec5d1b51715215c6734642cb30', '01K85WE4KJR1K2N10EB1WKTQBF', NULL, 'RefusjonOpprettet', 'system', TIMESTAMP WITH TIME ZONE '2025-10-22 11:56:27.208278+00', NULL, 'SYSTEM'),
('01K85WE4P850EF9F1EJP2SV0XN', 'ghcr.io/navikt/tiltak-refusjon-api/tiltak-refusjon-api:804742e2ce6cffec5d1b51715215c6734642cb30', '01K85WE4KJ052Q7BMAW4QZCM7K', NULL, 'RefusjonOpprettet', 'system', TIMESTAMP WITH TIME ZONE '2025-10-22 11:56:27.208765+00', NULL, 'SYSTEM'),
('01K85WE4P8T11GYA2N86HHQQT9', 'ghcr.io/navikt/tiltak-refusjon-api/tiltak-refusjon-api:804742e2ce6cffec5d1b51715215c6734642cb30', '01K85WE4KJH5HY7JFWYFFTNJ8H', NULL, 'RefusjonOpprettet', 'system', TIMESTAMP WITH TIME ZONE '2025-10-22 11:56:27.208937+00', NULL, 'SYSTEM'),
('01K85WE4P90QKXE8YHKC2WBFP2', 'ghcr.io/navikt/tiltak-refusjon-api/tiltak-refusjon-api:804742e2ce6cffec5d1b51715215c6734642cb30', '01K85WE4KJ6GAS194PC0QTYFDH', NULL, 'RefusjonOpprettet', 'system', TIMESTAMP WITH TIME ZONE '2025-10-22 11:56:27.209109+00', NULL, 'SYSTEM'),
('01K85WE4P9EANDY3E0VXCADCR3', 'ghcr.io/navikt/tiltak-refusjon-api/tiltak-refusjon-api:804742e2ce6cffec5d1b51715215c6734642cb30', '01K85WE4KJJY4NF5RQEJ9F9B32', NULL, 'RefusjonOpprettet', 'system', TIMESTAMP WITH TIME ZONE '2025-10-22 11:56:27.209277+00', NULL, 'SYSTEM'),
('01K85WE4P9EDFVQT0GWS4XF0HW', 'ghcr.io/navikt/tiltak-refusjon-api/tiltak-refusjon-api:804742e2ce6cffec5d1b51715215c6734642cb30', '01K85WE4KJKEKTWME3ED813QXC', NULL, 'RefusjonOpprettet', 'system', TIMESTAMP WITH TIME ZONE '2025-10-22 11:56:27.209459+00', NULL, 'SYSTEM'),
('01K85WE4P9NNZP48M9KRV3DSWT', 'ghcr.io/navikt/tiltak-refusjon-api/tiltak-refusjon-api:804742e2ce6cffec5d1b51715215c6734642cb30', '01K85WE4KG1NB09SH4FR77B38A', NULL, 'RefusjonOpprettet', 'system', TIMESTAMP WITH TIME ZONE '2025-10-22 11:56:27.209625+00', NULL, 'SYSTEM'),
('01K85WE4P9XCWAQQEP5VBTBGHQ', 'ghcr.io/navikt/tiltak-refusjon-api/tiltak-refusjon-api:804742e2ce6cffec5d1b51715215c6734642cb30', '01K85WE4KG1NB09SH4FR77B38A', NULL, 'GodkjentAvArbeidsgiver', 'testsystem', TIMESTAMP WITH TIME ZONE '2025-10-22 11:56:27.209792+00', NULL, 'SYSTEM'),
('01K85WE4P95Q8PF9D2BSGFKZX6', 'ghcr.io/navikt/tiltak-refusjon-api/tiltak-refusjon-api:804742e2ce6cffec5d1b51715215c6734642cb30', '01K85WE4KJ0HC8TGNXS07V5Q4K', NULL, 'RefusjonOpprettet', 'system', TIMESTAMP WITH TIME ZONE '2025-10-22 11:56:27.209988+00', NULL, 'SYSTEM');          
INSERT INTO "PUBLIC"."HENDELSESLOGG" VALUES
('01K85WE4PAGWBTG5REYB6PSBJ5', 'ghcr.io/navikt/tiltak-refusjon-api/tiltak-refusjon-api:804742e2ce6cffec5d1b51715215c6734642cb30', '01K85WE4KJJNB04Q411ASFVEK0', NULL, 'RefusjonOpprettet', 'system', TIMESTAMP WITH TIME ZONE '2025-10-22 11:56:27.210164+00', NULL, 'SYSTEM'),
('01K85WE4PAWQG607KP7TX37JWP', 'ghcr.io/navikt/tiltak-refusjon-api/tiltak-refusjon-api:804742e2ce6cffec5d1b51715215c6734642cb30', '01K85WE4KJDZYTMZAXFN3DAVFP', NULL, 'RefusjonOpprettet', 'system', TIMESTAMP WITH TIME ZONE '2025-10-22 11:56:27.210417+00', NULL, 'SYSTEM'),
('01K85WE4PA5ZD900T948ARSNSV', 'ghcr.io/navikt/tiltak-refusjon-api/tiltak-refusjon-api:804742e2ce6cffec5d1b51715215c6734642cb30', '01K85WE4KJ0TX00SHHHS8QGPJX', NULL, 'RefusjonOpprettet', 'system', TIMESTAMP WITH TIME ZONE '2025-10-22 11:56:27.210698+00', NULL, 'SYSTEM'),
('01K85WE4PA76GJSVZGAKXBV547', 'ghcr.io/navikt/tiltak-refusjon-api/tiltak-refusjon-api:804742e2ce6cffec5d1b51715215c6734642cb30', '01K85WE4KJ0TX00SHHHS8QGPJX', NULL, 'GodkjentAvArbeidsgiver', 'testsystem', TIMESTAMP WITH TIME ZONE '2025-10-22 11:56:27.210874+00', NULL, 'SYSTEM'),
('01K85WE4PBF96W2A9Z21JHN8NW', 'ghcr.io/navikt/tiltak-refusjon-api/tiltak-refusjon-api:804742e2ce6cffec5d1b51715215c6734642cb30', '01K85WE4KJK6J523513NNPEA24', NULL, 'RefusjonOpprettet', 'system', TIMESTAMP WITH TIME ZONE '2025-10-22 11:56:27.211076+00', NULL, 'SYSTEM'),
('01K85WE4PB83XJ7BAFW0H5NE2F', 'ghcr.io/navikt/tiltak-refusjon-api/tiltak-refusjon-api:804742e2ce6cffec5d1b51715215c6734642cb30', '01K85WE4KJK6J523513NNPEA24', NULL, 'GodkjentAvArbeidsgiver', 'testsystem', TIMESTAMP WITH TIME ZONE '2025-10-22 11:56:27.211302+00', NULL, 'SYSTEM'),
('01K85WE4PBZPZHS76EJ2R7N1Y7', 'ghcr.io/navikt/tiltak-refusjon-api/tiltak-refusjon-api:804742e2ce6cffec5d1b51715215c6734642cb30', '01K85WE4KJ386YX0PWC8SGHFQ3', NULL, 'RefusjonOpprettet', 'system', TIMESTAMP WITH TIME ZONE '2025-10-22 11:56:27.211663+00', NULL, 'SYSTEM'),
('01K85WE4PB3BK3HYA3ZGXNYZG0', 'ghcr.io/navikt/tiltak-refusjon-api/tiltak-refusjon-api:804742e2ce6cffec5d1b51715215c6734642cb30', '01K85WE4KJ6SMXGPGBX4HK77K2', NULL, 'RefusjonOpprettet', 'system', TIMESTAMP WITH TIME ZONE '2025-10-22 11:56:27.21193+00', NULL, 'SYSTEM'),
('01K85WE4PC2NJG9EXD136DM2SN', 'ghcr.io/navikt/tiltak-refusjon-api/tiltak-refusjon-api:804742e2ce6cffec5d1b51715215c6734642cb30', '01K85WE4KJCH2SDFZBAEPSZ05W', NULL, 'RefusjonOpprettet', 'system', TIMESTAMP WITH TIME ZONE '2025-10-22 11:56:27.212122+00', NULL, 'SYSTEM'),
('01K85WE4PC1E1DTC7WKCF4W3N4', 'ghcr.io/navikt/tiltak-refusjon-api/tiltak-refusjon-api:804742e2ce6cffec5d1b51715215c6734642cb30', '01K85WE4KJ7WGMVG402D87T1HT', NULL, 'RefusjonOpprettet', 'system', TIMESTAMP WITH TIME ZONE '2025-10-22 11:56:27.212294+00', NULL, 'SYSTEM'),
('01K85WE4PCNJ5DTFBK1CZRMKZ2', 'ghcr.io/navikt/tiltak-refusjon-api/tiltak-refusjon-api:804742e2ce6cffec5d1b51715215c6734642cb30', '01K85WE4KJATPYVMRZRFYVSTMA', NULL, 'RefusjonOpprettet', 'system', TIMESTAMP WITH TIME ZONE '2025-10-22 11:56:27.212471+00', NULL, 'SYSTEM'),
('01K85WE4PCXE5T0468XM0JAQYV', 'ghcr.io/navikt/tiltak-refusjon-api/tiltak-refusjon-api:804742e2ce6cffec5d1b51715215c6734642cb30', '01K85WE4KJC06PQQVDP299VTQK', NULL, 'RefusjonOpprettet', 'system', TIMESTAMP WITH TIME ZONE '2025-10-22 11:56:27.212635+00', NULL, 'SYSTEM'),
('01K85WE4PCBP0J7E44VNECQFHG', 'ghcr.io/navikt/tiltak-refusjon-api/tiltak-refusjon-api:804742e2ce6cffec5d1b51715215c6734642cb30', '01K85WE4KJ7KS3WSDW79JG0D7J', NULL, 'RefusjonOpprettet', 'system', TIMESTAMP WITH TIME ZONE '2025-10-22 11:56:27.212905+00', NULL, 'SYSTEM'),
('01K85WE4PDBDM72P1K21P0Z3J3', 'ghcr.io/navikt/tiltak-refusjon-api/tiltak-refusjon-api:804742e2ce6cffec5d1b51715215c6734642cb30', '01K85WE4KHQYNR2049PB5FWA46', NULL, 'RefusjonOpprettet', 'system', TIMESTAMP WITH TIME ZONE '2025-10-22 11:56:27.213161+00', NULL, 'SYSTEM'),
('01K85WE4R0MVFTQZ2XPWYKC6DM', 'ghcr.io/navikt/tiltak-refusjon-api/tiltak-refusjon-api:804742e2ce6cffec5d1b51715215c6734642cb30', '01K85WE4KJASG36GR8R41Z6GZ0', NULL, 'RefusjonOpprettet', 'system', TIMESTAMP WITH TIME ZONE '2025-10-22 11:56:27.264629+00', NULL, 'SYSTEM');   
INSERT INTO "PUBLIC"."HENDELSESLOGG" VALUES
('01K85WE4R1T7AHQBX5C84G3QR5', 'ghcr.io/navikt/tiltak-refusjon-api/tiltak-refusjon-api:804742e2ce6cffec5d1b51715215c6734642cb30', '01K85WE4KJP35D2T5J95HAE4M1', NULL, 'RefusjonOpprettet', 'system', TIMESTAMP WITH TIME ZONE '2025-10-22 11:56:27.265093+00', NULL, 'SYSTEM'),
('01K85WE4RD6X1HMCTW539C0W8A', 'ghcr.io/navikt/tiltak-refusjon-api/tiltak-refusjon-api:804742e2ce6cffec5d1b51715215c6734642cb30', '01K85WE4KJZ65BXPGMTGWVW9AV', NULL, 'RefusjonOpprettet', 'system', TIMESTAMP WITH TIME ZONE '2025-10-22 11:56:27.277367+00', NULL, 'SYSTEM'),
('01K85WE4RDJ7FX31ANPB9YCN4C', 'ghcr.io/navikt/tiltak-refusjon-api/tiltak-refusjon-api:804742e2ce6cffec5d1b51715215c6734642cb30', '01K85WE4KJZ65BXPGMTGWVW9AV', NULL, 'GodkjentAvArbeidsgiver', 'testsystem', TIMESTAMP WITH TIME ZONE '2025-10-22 11:56:27.277867+00', NULL, 'SYSTEM'),
('01K85WE4RET7NAKSAXYA5VX0F8', 'ghcr.io/navikt/tiltak-refusjon-api/tiltak-refusjon-api:804742e2ce6cffec5d1b51715215c6734642cb30', '01K85WE4KJC7ZTG48VFK9QT34B', NULL, 'RefusjonOpprettet', 'system', TIMESTAMP WITH TIME ZONE '2025-10-22 11:56:27.278478+00', NULL, 'SYSTEM'),
('01K85WE4RE0VTYG8M6P1622E4V', 'ghcr.io/navikt/tiltak-refusjon-api/tiltak-refusjon-api:804742e2ce6cffec5d1b51715215c6734642cb30', '01K85WE4KJC7ZTG48VFK9QT34B', NULL, 'GodkjentAvArbeidsgiver', 'testsystem', TIMESTAMP WITH TIME ZONE '2025-10-22 11:56:27.278695+00', NULL, 'SYSTEM'),
('01K85WE4RGEHCM353JFVYVY6N8', 'ghcr.io/navikt/tiltak-refusjon-api/tiltak-refusjon-api:804742e2ce6cffec5d1b51715215c6734642cb30', '01K85WE4KJWENZWK6MYK2M80W1', NULL, 'RefusjonOpprettet', 'system', TIMESTAMP WITH TIME ZONE '2025-10-22 11:56:27.280195+00', NULL, 'SYSTEM'),
('01K85WE4RH0RETFX4TY4QQGNMC', 'ghcr.io/navikt/tiltak-refusjon-api/tiltak-refusjon-api:804742e2ce6cffec5d1b51715215c6734642cb30', '01K85WE4KJWENZWK6MYK2M80W1', NULL, 'GodkjentAvArbeidsgiver', 'testsystem', TIMESTAMP WITH TIME ZONE '2025-10-22 11:56:27.281119+00', NULL, 'SYSTEM'),
('01K85WE4RH4N5GBXCJF3SVC9V4', 'ghcr.io/navikt/tiltak-refusjon-api/tiltak-refusjon-api:804742e2ce6cffec5d1b51715215c6734642cb30', '01K85WE4KJ3BHRYD6AE4QCD3NZ', NULL, 'RefusjonOpprettet', 'system', TIMESTAMP WITH TIME ZONE '2025-10-22 11:56:27.281571+00', NULL, 'SYSTEM'),
('01K85WE4RHMPJR5HT24XMCVEAP', 'ghcr.io/navikt/tiltak-refusjon-api/tiltak-refusjon-api:804742e2ce6cffec5d1b51715215c6734642cb30', '01K85WE4KJ3BHRYD6AE4QCD3NZ', NULL, 'GodkjentAvArbeidsgiver', 'testsystem', TIMESTAMP WITH TIME ZONE '2025-10-22 11:56:27.281766+00', NULL, 'SYSTEM'),
('01K85WE4RH2F9QGPKVR6G8J5FA', 'ghcr.io/navikt/tiltak-refusjon-api/tiltak-refusjon-api:804742e2ce6cffec5d1b51715215c6734642cb30', '01K85WE4KJ108FDFJKNJP81JNN', NULL, 'RefusjonOpprettet', 'system', TIMESTAMP WITH TIME ZONE '2025-10-22 11:56:27.281943+00', NULL, 'SYSTEM'),
('01K85WE4RJTPTM8RS1YY4NG0F8', 'ghcr.io/navikt/tiltak-refusjon-api/tiltak-refusjon-api:804742e2ce6cffec5d1b51715215c6734642cb30', '01K85WE4KJ108FDFJKNJP81JNN', NULL, 'GodkjentAvArbeidsgiver', 'testsystem', TIMESTAMP WITH TIME ZONE '2025-10-22 11:56:27.282102+00', NULL, 'SYSTEM'),
('01K85WE4RJJA1M4J38P9Y6M8RR', 'ghcr.io/navikt/tiltak-refusjon-api/tiltak-refusjon-api:804742e2ce6cffec5d1b51715215c6734642cb30', '01K85WE4KJ78MS2347NW9KRPV2', NULL, 'RefusjonOpprettet', 'system', TIMESTAMP WITH TIME ZONE '2025-10-22 11:56:27.282289+00', NULL, 'SYSTEM'),
('01K85WE4RJ8QVSM382X7N0V9VD', 'ghcr.io/navikt/tiltak-refusjon-api/tiltak-refusjon-api:804742e2ce6cffec5d1b51715215c6734642cb30', '01K85WE4KJ78MS2347NW9KRPV2', NULL, 'GodkjentAvArbeidsgiver', 'testsystem', TIMESTAMP WITH TIME ZONE '2025-10-22 11:56:27.282461+00', NULL, 'SYSTEM'),
('01K85WE4RJWVKP2849C36CYHJH', 'ghcr.io/navikt/tiltak-refusjon-api/tiltak-refusjon-api:804742e2ce6cffec5d1b51715215c6734642cb30', '01K85WE4KJXQH7PVXRY7WAAMZC', NULL, 'RefusjonOpprettet', 'system', TIMESTAMP WITH TIME ZONE '2025-10-22 11:56:27.282638+00', NULL, 'SYSTEM'),
('01K85WE4RKJFQVMEK4GT7MEZNR', 'ghcr.io/navikt/tiltak-refusjon-api/tiltak-refusjon-api:804742e2ce6cffec5d1b51715215c6734642cb30', '01K85WE4KJXQH7PVXRY7WAAMZC', NULL, 'GodkjentAvArbeidsgiver', 'testsystem', TIMESTAMP WITH TIME ZONE '2025-10-22 11:56:27.283779+00', NULL, 'SYSTEM');     
INSERT INTO "PUBLIC"."HENDELSESLOGG" VALUES
('01K85WE4RM3DY5WXHWX9QRJJRC', 'ghcr.io/navikt/tiltak-refusjon-api/tiltak-refusjon-api:804742e2ce6cffec5d1b51715215c6734642cb30', '01K85WE4KKZND59EM4ZEM0ZZRT', NULL, 'RefusjonOpprettet', 'system', TIMESTAMP WITH TIME ZONE '2025-10-22 11:56:27.28409+00', NULL, 'SYSTEM'),
('01K85WE4RMZ21TVMW7N7GGFCVJ', 'ghcr.io/navikt/tiltak-refusjon-api/tiltak-refusjon-api:804742e2ce6cffec5d1b51715215c6734642cb30', '01K85WE4KKZND59EM4ZEM0ZZRT', NULL, 'GodkjentAvArbeidsgiver', 'testsystem', TIMESTAMP WITH TIME ZONE '2025-10-22 11:56:27.284949+00', NULL, 'SYSTEM'),
('01K85WE4RNV3D2YPYDK9S5EJGD', 'ghcr.io/navikt/tiltak-refusjon-api/tiltak-refusjon-api:804742e2ce6cffec5d1b51715215c6734642cb30', '01K85WE4KKX14HV2RTAPA8EFT4', NULL, 'RefusjonOpprettet', 'system', TIMESTAMP WITH TIME ZONE '2025-10-22 11:56:27.285227+00', NULL, 'SYSTEM'),
('01K85WE4RN9DFTNHNJKPW8ZNJ3', 'ghcr.io/navikt/tiltak-refusjon-api/tiltak-refusjon-api:804742e2ce6cffec5d1b51715215c6734642cb30', '01K85WE4KKPJHM0NN3KED1R2QW', NULL, 'RefusjonOpprettet', 'system', TIMESTAMP WITH TIME ZONE '2025-10-22 11:56:27.285404+00', NULL, 'SYSTEM');            
CREATE INDEX "PUBLIC"."HENDELSESLOGG_REFUSJON_ID" ON "PUBLIC"."HENDELSESLOGG"("REFUSJON_ID" NULLS FIRST);      
CREATE MEMORY TABLE "PUBLIC"."BEREGNING"(
    "ID" CHARACTER VARYING NOT NULL,
    U&"L\00d8NN" DECFLOAT,
    "FERIEPENGER" DECFLOAT,
    "TJENESTEPENSJON" DECFLOAT,
    "ARBEIDSGIVERAVGIFT" DECFLOAT,
    "SUM_UTGIFTER" DECFLOAT,
    U&"REFUSJONSBEL\00d8P" DECFLOAT,
    "APP_IMAGE_ID" CHARACTER VARYING,
    U&"BEREGNET_BEL\00d8P" DECFLOAT,
    U&"OVER_TILSKUDDSBEL\00d8P" BOOLEAN,
    "TIDLIGERE_UTBETALT" DECFLOAT DEFAULT 0,
    U&"FRATREKK_L\00d8NN_FERIE" DECFLOAT DEFAULT 0,
    U&"L\00d8NN_FRATRUKKET_FERIE" DECFLOAT DEFAULT 0,
    U&"TIDLIGERE_REFUNDERT_BEL\00d8P" DECFLOAT DEFAULT 0,
    U&"SUM_UTGIFTER_FRATRUKKET_REFUNDERT_BEL\00d8P" DECFLOAT DEFAULT 0,
    U&"OVER_FEM_GRUNNBEL\00d8P" BOOLEAN
);             
ALTER TABLE "PUBLIC"."BEREGNING" ADD CONSTRAINT "PUBLIC"."CONSTRAINT_A4" PRIMARY KEY("ID");    
-- 16 +/- SELECT COUNT(*) FROM PUBLIC.BEREGNING;               
INSERT INTO "PUBLIC"."BEREGNING" VALUES
('01K85WE4KGAJA0QS5D5ZDC9FYA', 7777, 933, 174, 1253, 10137, 1357, NULL, 4055, TRUE, 0, 0, 7777, 0, 10137, FALSE),
('01K85WE4KH4B30FSR4GFYZC26X', 7777, 933, 174, 1253, 10137, 4055, NULL, 4055, FALSE, 0, 0, 7777, 0, 10137, FALSE),
('01K85WE4KH699JC7VM5JGTXDN9', 7777, 933, 174, 1253, 10137, 4055, NULL, 4055, FALSE, 0, 0, 7777, 0, 10137, FALSE),
('01K85WE4KHH5NJ0YWB0XWTJGFH', 0, 0, 0, 0, 0, 6808, NULL, 6808, FALSE, 0, 0, 0, 0, 0, FALSE),
('01K85WE4KJ1D519M3FWAA8ZXFK', 0, 0, 0, 0, 0, 6808, NULL, 6808, FALSE, 0, 0, 0, 0, 0, FALSE),
('01K85WE4KGSF8BFHDFC32JNJ2A', 7777, 933, 174, 1253, 10137, 4055, NULL, 4055, FALSE, 0, 0, 7777, 0, 10137, FALSE),
('01K85WE4KJP510GD367FJ8G612', 7777, 933, 174, 1253, 10137, 4055, NULL, 4055, FALSE, 0, 0, 7777, 0, 10137, FALSE),
('01K85WE4KJTDQWJSSN6N7PBH1S', 7777, 933, 174, 1253, 10137, 4055, NULL, 4055, FALSE, 0, 0, 7777, 0, 10137, FALSE),
('01K85WE4KJC84V6BV049Q9QPJY', 2E+5, 2.4E+4, 4.48E+3, 32216, 260696, 7E+4, NULL, 104278, TRUE, 0, 0, 2E+5, 0, 260696, FALSE),
('01K85WE4KJ9XJJ2EYQRXDCCHFF', 2E+5, 2.4E+4, 4.48E+3, 32216, 260696, 7E+4, NULL, 104278, TRUE, 0, 0, 2E+5, 0, 260696, FALSE),
('01K85WE4KJJCMXDFHJWD654YDC', 2E+5, 2.4E+4, 4.48E+3, 32216, 260696, 7E+4, NULL, 104278, TRUE, 0, 0, 2E+5, 0, 260696, FALSE),
('01K85WE4KJ50B8BRV6JE9QDKWR', 2E+5, 2.4E+4, 4.48E+3, 32216, 260696, 7E+4, NULL, 104278, TRUE, 0, 0, 2E+5, 0, 260696, FALSE),
('01K85WE4KJNCVCSE5Z3FA73575', 2E+5, 2.4E+4, 4.48E+3, 32216, 260696, 7E+4, NULL, 104278, TRUE, 0, 0, 2E+5, 0, 260696, FALSE),
('01K85WE4KJ3S5553M7H2N5180Y', 2E+5, 2.4E+4, 4.48E+3, 32216, 260696, 7E+4, NULL, 104278, TRUE, 0, 0, 2E+5, 0, 260696, FALSE),
('01K85WE4KJ5C7SB4B0YDG3K6JR', 2E+5, 2.4E+4, 4.48E+3, 32216, 260696, 7E+4, NULL, 104278, TRUE, 0, 0, 2E+5, 0, 260696, FALSE),
('01K85WE4KKJT07CJWDRA1BFZNP', 2E+5, 2.4E+4, 4.48E+3, 32216, 260696, 7E+4, NULL, 104278, TRUE, 0, 0, 2E+5, 0, 260696, FALSE);           
CREATE MEMORY TABLE "PUBLIC"."KORREKSJON_KORREKSJONSGRUNNER"(
    "KORREKSJON_ID" CHARACTER VARYING NOT NULL,
    "KORREKSJONSGRUNNER" CHARACTER VARYING NOT NULL
);           
ALTER TABLE "PUBLIC"."KORREKSJON_KORREKSJONSGRUNNER" ADD CONSTRAINT "PUBLIC"."CONSTRAINT_D59" PRIMARY KEY("KORREKSJON_ID", "KORREKSJONSGRUNNER");              
-- 0 +/- SELECT COUNT(*) FROM PUBLIC.KORREKSJON_KORREKSJONSGRUNNER;            
CREATE MEMORY TABLE "PUBLIC"."REFUSJONSGRUNNLAG"(
    "ID" CHARACTER VARYING NOT NULL,
    "TILSKUDDSGRUNNLAG_ID" CHARACTER VARYING,
    "INNTEKTSGRUNNLAG_ID" CHARACTER VARYING,
    "BEREGNING_ID" CHARACTER VARYING,
    "BEDRIFT_KONTONUMMER" CHARACTER VARYING,
    "BEDRIFT_KONTONUMMER_INNHENTET_TIDSPUNKT" TIMESTAMP,
    "INNTEKTER_KUN_FRA_TILTAKET" BOOLEAN,
    U&"ENDRET_BRUTTO_L\00d8NN" DECFLOAT,
    "TIDLIGERE_UTBETALT" DECFLOAT,
    U&"FRATREKK_REFUNDERBAR_BEL\00d8P" BOOLEAN DEFAULT NULL,
    U&"REFUNDERBAR_BEL\00d8P" DECFLOAT DEFAULT NULL,
    U&"FORRIGE_REFUSJON_MINUS_BEL\00d8P" DECFLOAT DEFAULT 0,
    "BEDRIFT_KID" CHARACTER VARYING(250) DEFAULT NULL,
    "SUM_UTBETALT_VARIG" DECFLOAT DEFAULT 0,
    U&"HAR_FERIETREKK_FOR_SAMME_M\00c5NED" BOOLEAN DEFAULT FALSE NOT NULL
);            
ALTER TABLE "PUBLIC"."REFUSJONSGRUNNLAG" ADD CONSTRAINT "PUBLIC"."CONSTRAINT_8" PRIMARY KEY("ID");             
-- 50 +/- SELECT COUNT(*) FROM PUBLIC.REFUSJONSGRUNNLAG;       
INSERT INTO "PUBLIC"."REFUSJONSGRUNNLAG" VALUES
('01K85WE4KHMM7BR5Z28DQZDXCN', '01K85WE4KHZ16TD22DK1953FQM', NULL, NULL, NULL, NULL, NULL, NULL, 0, NULL, NULL, 0, NULL, 0, FALSE),
('01K85WE4KHRXWM6KB2ERNFK9K6', '01K85WE4KHC1THYBCMJQQ99SR7', NULL, NULL, NULL, NULL, NULL, NULL, 0, NULL, NULL, 0, NULL, 0, FALSE),
('01K85WE4KHQJEZC1BPEGB5Z26J', '01K85WE4KHPFPY0XB0W25679DZ', NULL, NULL, NULL, NULL, NULL, NULL, 0, NULL, NULL, 0, NULL, 0, FALSE),
('01K85WE4KHGTDJS70BEKK0G7YX', '01K85WE4KH6S21KCB3QVRHPMB4', NULL, NULL, NULL, NULL, NULL, NULL, 0, NULL, NULL, 0, NULL, 0, FALSE),
('01K85WE4KD0QW5YCDCFM8Q5W54', '01K85WE4KDCPHXT1G9ZT0PHYAJ', '01K85WEJNJXD1QWT4A49N4XNJ0', NULL, '10000008145', DATEADD('DAY', -1, CURRENT_TIMESTAMP), NULL, NULL, 0, NULL, NULL, 0, NULL, 0, FALSE),
('01K85WE4KFKQDT9S09AYX8SC3Q', '01K85WE4KFQDNT9S7VZBY8Y9EW', '01K85WE4KFBDMZQY0TTJG5QDJY', '01K85WE4KGAJA0QS5D5ZDC9FYA', '12345670910', DATEADD('DAY', -1, CURRENT_TIMESTAMP), TRUE, NULL, 0, NULL, NULL, 0, NULL, 0, FALSE),
('01K85WE4KG8GFAHPETD6EP85K4', '01K85WE4KGXWRXJYGHC48215YG', NULL, NULL, NULL, NULL, NULL, NULL, 0, NULL, NULL, 0, NULL, 0, FALSE),
('01K85WE4KHRR4T9ECTK87EQKTV', '01K85WE4KHF2RJWSVDRE9N8VBK', NULL, NULL, NULL, NULL, NULL, NULL, 0, NULL, NULL, 0, NULL, 0, FALSE),
('01K85WE4KHM5K8RH8X5X2VN3NW', '01K85WE4KHNTVP1BW5HX55ZK7A', NULL, NULL, NULL, NULL, NULL, NULL, 0, NULL, NULL, 0, NULL, 0, FALSE),
('01K85WE4KHFMQ065R15676PWKH', '01K85WE4KHJNXMEN75EN622QPH', NULL, NULL, NULL, NULL, NULL, NULL, 0, NULL, NULL, 0, NULL, 0, FALSE),
('01K85WE4KHNZ09T4H5Y8NZF3GG', '01K85WE4KH7190F83X15D2WZDJ', NULL, NULL, NULL, NULL, NULL, NULL, 0, NULL, NULL, 0, NULL, 0, FALSE),
('01K85WE4KH2CP7069KE7T924E3', '01K85WE4KH2TS54AXV973Y8980', NULL, NULL, NULL, NULL, NULL, NULL, 0, NULL, NULL, 0, NULL, 0, FALSE),
('01K85WE4KHVE8F46SDWVPQP6Q3', '01K85WE4KH4XF7FY3E2TD90FBR', NULL, NULL, NULL, NULL, NULL, NULL, 0, NULL, NULL, 0, NULL, 0, FALSE),
('01K85WE4KHB84H9BR3K8J9334Y', '01K85WE4KHR6WN6F80BGYBEKYN', '01K85WE4KHS6S7XGW2YMSNSX6Q', '01K85WE4KH4B30FSR4GFYZC26X', '12345670910', DATEADD('DAY', -1, CURRENT_TIMESTAMP), TRUE, NULL, 0, NULL, NULL, 0, NULL, 0, FALSE),
('01K85WE4KHHQG54WATD9EWJC51', '01K85WE4KH22SQ4GQXTZV81YQQ', '01K85WE4KHWPGH2HVMMDEN1151', '01K85WE4KH699JC7VM5JGTXDN9', '12345670910', DATEADD('DAY', -1, CURRENT_TIMESTAMP), TRUE, NULL, 0, NULL, NULL, 0, NULL, 0, FALSE),
('01K85WE4KH4YN66GN3MPDFH0TJ', '01K85WE4KHE5PJA4NC3QAMB3EN', NULL, NULL, NULL, NULL, NULL, NULL, 0, NULL, NULL, 0, NULL, 0, FALSE),
('01K85WE4KHK29YH6CB7W08WX41', '01K85WE4KH070E9ATJYDET9S88', NULL, '01K85WE4KHH5NJ0YWB0XWTJGFH', '12345670910', DATEADD('DAY', -1, CURRENT_TIMESTAMP), NULL, NULL, 0, NULL, NULL, 0, NULL, 0, FALSE),
('01K85WE4KHCYEBERXHMVFBSGHD', '01K85WE4KH3XS3PTMW25YRBBMZ', NULL, '01K85WE4KJ1D519M3FWAA8ZXFK', '12345670910', DATEADD('DAY', -1, CURRENT_TIMESTAMP), NULL, NULL, 0, NULL, NULL, 0, NULL, 0, FALSE),
('01K85WE4KJD8DVYPHBH7K9RN6C', '01K85WE4KJ1AD15G4X1PFCC6HK', NULL, NULL, NULL, NULL, NULL, NULL, 0, NULL, NULL, 0, NULL, 0, FALSE),
('01K85WE4KJ1WEQDQ41DXJKT2JS', '01K85WE4KJ4FY3ZV689K0FQEJ6', NULL, NULL, NULL, NULL, NULL, NULL, 0, NULL, NULL, 0, NULL, 0, FALSE),
('01K85WE4KJN76RE34F8YQ6ZEAW', '01K85WE4KJ9XBXEQT32DBFSGMM', NULL, NULL, NULL, NULL, NULL, NULL, 0, NULL, NULL, 0, NULL, 0, FALSE),
('01K85WE4KJ6XDX46DMS1M92FRY', '01K85WE4KJK8ME0DB5W4QZ8QAC', NULL, NULL, NULL, NULL, NULL, NULL, 0, NULL, NULL, 0, NULL, 0, FALSE),
('01K85WE4KJQ1TNF83WQS1AHMSK', '01K85WE4KJDGYB3H25ZJWGJEMZ', NULL, NULL, NULL, NULL, NULL, NULL, 0, NULL, NULL, 0, NULL, 0, FALSE),
('01K85WE4KJVSXKN9SB7GDHJAME', '01K85WE4KJQK404DK5RHCZSN9S', NULL, NULL, NULL, NULL, NULL, NULL, 0, NULL, NULL, 0, NULL, 0, FALSE),
('01K85WE4KGXYGE74R2DV64AS7Y', '01K85WE4KG38Q5HB6TD13VPQFS', '01K85WE4KGC8E2GDC7EGR1Z9TV', '01K85WE4KGSF8BFHDFC32JNJ2A', '12345670910', DATEADD('DAY', -1, CURRENT_TIMESTAMP), TRUE, NULL, 0, NULL, NULL, 0, NULL, 0, FALSE),
('01K85WE4KJNBBEE2NBF951Z7DT', '01K85WE4KJF3XP9KFDM4R7P1K0', NULL, NULL, NULL, NULL, NULL, NULL, 0, NULL, NULL, 0, NULL, 0, FALSE),
('01K85WE4KJX0DJSK2XSBYA2J19', '01K85WE4KJH58S0XBRK2YVX6AM', NULL, NULL, NULL, NULL, NULL, NULL, 0, NULL, NULL, 0, NULL, 0, FALSE); 
INSERT INTO "PUBLIC"."REFUSJONSGRUNNLAG" VALUES
('01K85WE4KJ9TH5JG1694WHC74B', '01K85WE4KJYJ9HQQJ6AJQ0BRX2', NULL, NULL, NULL, NULL, NULL, NULL, 0, NULL, NULL, 0, NULL, 0, FALSE),
('01K85WE4KJR1SFZJC5CH8BBTYH', '01K85WE4KJDBFNTVYFV7TTDBJ6', '01K85WE4KJ18HR0YYEXCMS4J4K', '01K85WE4KJP510GD367FJ8G612', '12345670910', DATEADD('DAY', -1, CURRENT_TIMESTAMP), TRUE, NULL, 0, NULL, NULL, 0, NULL, 0, FALSE),
('01K85WE4KJTPWQG6NSX196YYA8', '01K85WE4KJQ2X7GGXDVM9KT108', '01K85WE4KJTSZE1QAKEXB7FEHS', '01K85WE4KJTDQWJSSN6N7PBH1S', '12345670910', DATEADD('DAY', -1, CURRENT_TIMESTAMP), TRUE, NULL, 0, NULL, NULL, 0, NULL, 0, FALSE),
('01K85WE4KJK2GBPBTG9QKH57GP', '01K85WE4KJCV0FMVT5FAMJNTGA', NULL, NULL, NULL, NULL, NULL, NULL, 0, NULL, NULL, 0, NULL, 0, FALSE),
('01K85WE4KJF3VBDHTEAKM8B0KV', '01K85WE4KJB5NTG0Z0WAWWERYQ', NULL, NULL, NULL, NULL, NULL, NULL, 0, NULL, NULL, 0, NULL, 0, FALSE),
('01K85WE4KJVFKTKPD571286DER', '01K85WE4KJE4JR9EFXM2TRJTH2', NULL, NULL, NULL, NULL, NULL, NULL, 0, NULL, NULL, 0, NULL, 0, FALSE),
('01K85WE4KJDEZVF21N5R1T7E08', '01K85WE4KJ56TFJ5MVKNBW5MVP', NULL, NULL, NULL, NULL, NULL, NULL, 0, NULL, NULL, 0, NULL, 0, FALSE),
('01K85WE4KJH1H6V87VTH8SP378', '01K85WE4KJMDDATAJ1PE3GCHP0', NULL, NULL, NULL, NULL, NULL, NULL, 0, NULL, NULL, 0, NULL, 0, FALSE),
('01K85WE4KJK1H1T9GG4Z5PSSXV', '01K85WE4KJT3TND2VSW1NZQ532', NULL, NULL, NULL, NULL, NULL, NULL, 0, NULL, NULL, 0, NULL, 0, FALSE),
('01K85WE4KJ1WXZYSSHBPKT7Q6D', '01K85WE4KJDDMDXAZY4NHRZVHM', NULL, NULL, NULL, NULL, NULL, NULL, 0, NULL, NULL, 0, NULL, 0, FALSE),
('01K85WE4KHTNCCADA7X9RFBV0D', '01K85WE4KHH0N01PFVYQMHNGQF', '01K85WE4KHGGCEJ25EGXG304TN', NULL, NULL, NULL, NULL, NULL, 0, NULL, NULL, 0, NULL, 0, FALSE),
('01K85WE4KJPF7X7MBGFNV9W8QC', '01K85WE4KJ4K6ZHD95030SW84R', NULL, NULL, NULL, NULL, NULL, NULL, 0, NULL, NULL, 0, NULL, 0, FALSE),
('01K85WE4KJHCYJ7C653GPTN5GY', '01K85WE4KJR1CHKPQ5HEN2KC5W', NULL, NULL, NULL, NULL, NULL, NULL, 0, NULL, NULL, 0, NULL, 0, FALSE),
('01K85WE4KJRT269GY2Y0BQPQ77', '01K85WE4KJWDA20DAR924WDJNT', '01K85WE4KJMN7S1J2R2C387J5V', '01K85WE4KJC84V6BV049Q9QPJY', '12345670910', DATEADD('DAY', -1, CURRENT_TIMESTAMP), TRUE, NULL, 0, NULL, NULL, 0, NULL, 0, FALSE),
('01K85WE4KJMK7KWP87XQP5Q2HA', '01K85WE4KJRSXSEV0WFFAKZAMH', '01K85WE4KJK6TSESMGWF13ATPF', '01K85WE4KJ9XJJ2EYQRXDCCHFF', '12345670910', DATEADD('DAY', -1, CURRENT_TIMESTAMP), TRUE, NULL, 0, NULL, NULL, 0, NULL, 0, FALSE),
('01K85WE4KJRCSPJRWM73QNBTSQ', '01K85WE4KJRJDF9J4NTESS4QNG', '01K85WE4KJ9PZZ7B0D0529BXJN', '01K85WE4KJJCMXDFHJWD654YDC', '12345670910', DATEADD('DAY', -1, CURRENT_TIMESTAMP), TRUE, NULL, 0, NULL, NULL, 0, NULL, 0, FALSE),
('01K85WE4KJKYYKY0JAP9ZH7NN8', '01K85WE4KJ626Q1HWTE2JHHQ3J', '01K85WE4KJGYW3FQNY38CYCQNT', '01K85WE4KJ50B8BRV6JE9QDKWR', '12345670910', DATEADD('DAY', -1, CURRENT_TIMESTAMP), TRUE, NULL, 0, NULL, NULL, 0, NULL, 0, FALSE),
('01K85WE4KJ0BN8Q59W34G8AMAY', '01K85WE4KJZYQCQ0PNXM4ZFA01', '01K85WE4KJNYAQ1XGKK59AKQ3M', '01K85WE4KJNCVCSE5Z3FA73575', '12345670910', DATEADD('DAY', -1, CURRENT_TIMESTAMP), TRUE, NULL, 0, NULL, NULL, 0, NULL, 0, FALSE),
('01K85WE4KJKX1GRVZNEK1BMQZN', '01K85WE4KJA00CBQKQSNR0RK8M', '01K85WE4KJ6TSV4WG7DEX1RKS7', '01K85WE4KJ3S5553M7H2N5180Y', '12345670910', DATEADD('DAY', -1, CURRENT_TIMESTAMP), TRUE, NULL, 0, NULL, NULL, 0, NULL, 0, FALSE),
('01K85WE4KJ30CQDR8R55K6QTNM', '01K85WE4KJDZWH936FN3JWA1V6', '01K85WE4KJ5C0T42P4TT0BPDH9', '01K85WE4KJ5C7SB4B0YDG3K6JR', '12345670910', DATEADD('DAY', -1, CURRENT_TIMESTAMP), TRUE, NULL, 0, NULL, NULL, 0, NULL, 0, FALSE),
('01K85WE4KKNET0Z42S8CG5G61C', '01K85WE4KKMXWDBC4ZXC490P9W', '01K85WE4KK3D0536Y7JYNM32WP', '01K85WE4KKJT07CJWDRA1BFZNP', '12345670910', DATEADD('DAY', -1, CURRENT_TIMESTAMP), TRUE, NULL, 0, NULL, NULL, 0, NULL, 0, FALSE),
('01K85WE4KKNHS5JJRGGMCCNR0F', '01K85WE4KKDCJYCSWXVC59CB20', NULL, NULL, NULL, NULL, NULL, NULL, 0, NULL, NULL, 0, NULL, 0, FALSE),
('01K85WE4KKS3K54ACK78AGT6V6', '01K85WE4KKH5RG5ESJDAH7RQD6', NULL, NULL, NULL, NULL, NULL, NULL, 0, NULL, NULL, 0, NULL, 0, FALSE);               
CREATE INDEX "PUBLIC"."INDEX_8B" ON "PUBLIC"."REFUSJONSGRUNNLAG"("TILSKUDDSGRUNNLAG_ID" NULLS FIRST);          
CREATE INDEX "PUBLIC"."REFUSJONSGRUNNLAG_BEREGNING_ID_IDX" ON "PUBLIC"."REFUSJONSGRUNNLAG"("BEREGNING_ID" NULLS FIRST);        
CREATE MEMORY TABLE "PUBLIC"."INNTEKTSGRUNNLAG"(
    "ID" CHARACTER VARYING NOT NULL,
    "INNHENTET_TIDSPUNKT" TIMESTAMP,
    "RESPONS" CHARACTER VARYING DEFAULT '',
    U&"BRUTTO_L\00d8NN" DECFLOAT
);     
ALTER TABLE "PUBLIC"."INNTEKTSGRUNNLAG" ADD CONSTRAINT "PUBLIC"."CONSTRAINT_A" PRIMARY KEY("ID");              
-- 16 +/- SELECT COUNT(*) FROM PUBLIC.INNTEKTSGRUNNLAG;        
INSERT INTO "PUBLIC"."INNTEKTSGRUNNLAG" VALUES
('01K85WE4KFBDMZQY0TTJG5QDJY', DATEADD('DAY', -1, CURRENT_TIMESTAMP), '', 7777),
('01K85WE4KHS6S7XGW2YMSNSX6Q', DATEADD('DAY', -1, CURRENT_TIMESTAMP), '', 7777),
('01K85WE4KHWPGH2HVMMDEN1151', DATEADD('DAY', -1, CURRENT_TIMESTAMP), '', 7777),
('01K85WE4KGC8E2GDC7EGR1Z9TV', DATEADD('DAY', -1, CURRENT_TIMESTAMP), '', 7777),
('01K85WE4KJ18HR0YYEXCMS4J4K', DATEADD('DAY', -1, CURRENT_TIMESTAMP), '', 7777),
('01K85WE4KJTSZE1QAKEXB7FEHS', DATEADD('DAY', -1, CURRENT_TIMESTAMP), '', 7777),
('01K85WE4KHGGCEJ25EGXG304TN', DATEADD('DAY', -1, CURRENT_TIMESTAMP), '', 7777),
('01K85WE4KJMN7S1J2R2C387J5V', DATEADD('DAY', -1, CURRENT_TIMESTAMP), '', 2E+5),
('01K85WE4KJK6TSESMGWF13ATPF', DATEADD('DAY', -1, CURRENT_TIMESTAMP), '', 2E+5),
('01K85WE4KJ9PZZ7B0D0529BXJN', DATEADD('DAY', -1, CURRENT_TIMESTAMP), '', 2E+5),
('01K85WE4KJGYW3FQNY38CYCQNT', DATEADD('DAY', -1, CURRENT_TIMESTAMP), '', 2E+5),
('01K85WE4KJNYAQ1XGKK59AKQ3M', DATEADD('DAY', -1, CURRENT_TIMESTAMP), '', 2E+5),
('01K85WE4KJ6TSV4WG7DEX1RKS7', DATEADD('DAY', -1, CURRENT_TIMESTAMP), '', 2E+5),
('01K85WE4KJ5C0T42P4TT0BPDH9', DATEADD('DAY', -1, CURRENT_TIMESTAMP), '', 2E+5),
('01K85WE4KK3D0536Y7JYNM32WP', DATEADD('DAY', -1, CURRENT_TIMESTAMP), '', 2E+5),
('01K85WEJNJXD1QWT4A49N4XNJ0', DATEADD('DAY', -1, CURRENT_TIMESTAMP), '', 0);     
CREATE MEMORY TABLE "PUBLIC"."MINUSBELOP"(
    "ID" CHARACTER VARYING NOT NULL,
    "AVTALE_NR" INTEGER,
    U&"BEL\00d8P" DECFLOAT,
    U&"L\00d8PENUMMER" INTEGER,
    "GJORT_OPP" BOOLEAN,
    "GJORT_OPP_AV_REFUSJON_ID" CHARACTER VARYING
);              
ALTER TABLE "PUBLIC"."MINUSBELOP" ADD CONSTRAINT "PUBLIC"."CONSTRAINT_8A" PRIMARY KEY("ID");   
-- 0 +/- SELECT COUNT(*) FROM PUBLIC.MINUSBELOP;               
CREATE INDEX "PUBLIC"."INDEX_8" ON "PUBLIC"."MINUSBELOP"("AVTALE_NR" NULLS FIRST);             
CREATE MEMORY TABLE "PUBLIC"."REFUSJON"(
    "ID" CHARACTER VARYING NOT NULL,
    "STATUS" CHARACTER VARYING,
    "FRIST_FOR_GODKJENNING" DATE,
    "GODKJENT_AV_ARBEIDSGIVER" TIMESTAMP WITH TIME ZONE,
    "DELTAKER_FNR" CHARACTER VARYING(11),
    "BEDRIFT_NR" CHARACTER VARYING(9),
    "FORRIGE_FRIST_FOR_GODKJENNING" DATE,
    "GODKJENT_AV_SAKSBEHANDLER_NAV_IDENT" CHARACTER VARYING,
    "BESLUTTER_NAV_IDENT" CHARACTER VARYING(7),
    "REFUSJONSGRUNNLAG_ID" CHARACTER VARYING,
    "KORREKSJON_ID" CHARACTER VARYING,
    U&"MIDLER_FRIGJORT_\00c5RSAK" CHARACTER VARYING,
    "UTBETALT_TIDSPUNKT" TIMESTAMP WITH TIME ZONE,
    U&"\00c5PNET_F\00d8RSTE_GANG" TIMESTAMP,
    "MINUSBELOP_ID" CHARACTER VARYING,
    "HENT_INNTEKTER_LENGER_FREM" TIMESTAMP DEFAULT NULL,
    "UNNTAK_OM_INNTEKTER_FREMITID" DECFLOAT DEFAULT 0,
    "SIST_ENDRET" TIMESTAMP DEFAULT NULL
);  
ALTER TABLE "PUBLIC"."REFUSJON" ADD CONSTRAINT "PUBLIC"."CONSTRAINT_4" PRIMARY KEY("ID");      
-- 50 +/- SELECT COUNT(*) FROM PUBLIC.REFUSJON;
INSERT INTO "PUBLIC"."REFUSJON" VALUES
('01K85WE4KHQF1ZKCKX44BKAMJ4', 'KLAR_FOR_INNSENDING', DATEADD('DAY', 38, CURRENT_DATE), NULL, '08124521514', '910712306', NULL, NULL, NULL, '01K85WE4KHMM7BR5Z28DQZDXCN', NULL, NULL, NULL, NULL, NULL, NULL, 0, NULL),
('01K85WE4KH1GRZ10GV0W4KMK3Y', 'KLAR_FOR_INNSENDING', DATEADD('DAY', 38, CURRENT_DATE), NULL, '08124521514', '910712306', NULL, NULL, NULL, '01K85WE4KHRXWM6KB2ERNFK9K6', NULL, NULL, NULL, NULL, NULL, NULL, 0, NULL),
('01K85WE4KHCBN3MKE3R02Q5SCV', 'KLAR_FOR_INNSENDING', DATEADD('DAY', 38, CURRENT_DATE), NULL, '08124521514', '910712306', NULL, NULL, NULL, '01K85WE4KHQJEZC1BPEGB5Z26J', NULL, NULL, NULL, NULL, NULL, NULL, 0, NULL),
('01K85WE4KHX4DH9ZH4B0QGPPXC', 'KLAR_FOR_INNSENDING', DATEADD('DAY', 38, CURRENT_DATE), NULL, '08124521514', '910712306', NULL, NULL, NULL, '01K85WE4KHGTDJS70BEKK0G7YX', NULL, NULL, NULL, NULL, NULL, NULL, 0, NULL),
('01K85WE4KDKMR65YCESDWVB300', 'KLAR_FOR_INNSENDING', DATEADD('DAY', 38, CURRENT_DATE), NULL, '07098142678', '999999999', NULL, NULL, NULL, '01K85WE4KD0QW5YCDCFM8Q5W54', NULL, NULL, NULL, DATEADD('DAY', -1, CURRENT_TIMESTAMP), NULL, NULL, 0, DATEADD('DAY', -1, CURRENT_TIMESTAMP)),
('01K85WE4KF4QQ98SZRYP1DY3XF', 'SENDT_KRAV', DATEADD('DAY', 37, CURRENT_DATE), TIMESTAMP WITH TIME ZONE '2025-10-22 11:56:27.120479+00', '12345678901', '999999999', NULL, NULL, NULL, '01K85WE4KFKQDT9S09AYX8SC3Q', NULL, NULL, NULL, NULL, NULL, NULL, 0, NULL),
('01K85WE4KGY7182B6NZH3A3KR5', 'FOR_TIDLIG', DATEADD('DAY', 91, CURRENT_DATE), NULL, '12345678901', '999999999', NULL, NULL, NULL, '01K85WE4KG8GFAHPETD6EP85K4', NULL, NULL, NULL, NULL, NULL, NULL, 0, NULL),
('01K85WE4KH0K0YMB6AM7HT04PD', 'KLAR_FOR_INNSENDING', DATEADD('DAY', 38, CURRENT_DATE), NULL, '28128521498', '999999999', NULL, NULL, NULL, '01K85WE4KHRR4T9ECTK87EQKTV', NULL, NULL, NULL, NULL, NULL, NULL, 0, NULL),
('01K85WE4KHJTF3JVN8WXXCP6BW', 'KLAR_FOR_INNSENDING', DATEADD('DAY', 38, CURRENT_DATE), NULL, '28128521498', '999999999', NULL, NULL, NULL, '01K85WE4KHM5K8RH8X5X2VN3NW', NULL, NULL, NULL, NULL, NULL, NULL, 4, NULL),
('01K85WE4KH5MG4TG34BNKVXBAD', 'KLAR_FOR_INNSENDING', DATEADD('DAY', 38, CURRENT_DATE), NULL, '07049223188', '998877665', NULL, NULL, NULL, '01K85WE4KHFMQ065R15676PWKH', NULL, NULL, NULL, NULL, NULL, NULL, 0, NULL),
('01K85WE4KHH1KRHB4039GFCM5F', 'KLAR_FOR_INNSENDING', DATEADD('DAY', 38, CURRENT_DATE), NULL, '07049223190', '998877665', NULL, NULL, NULL, '01K85WE4KHNZ09T4H5Y8NZF3GG', NULL, NULL, NULL, NULL, NULL, NULL, 0, NULL),
('01K85WE4KH5DS095ZJ67MX9RJF', 'KLAR_FOR_INNSENDING', DATEADD('DAY', 29, CURRENT_DATE), NULL, '23119409195', '955555555', NULL, NULL, NULL, '01K85WE4KH2CP7069KE7T924E3', NULL, NULL, NULL, NULL, NULL, NULL, 0, NULL),
('01K85WE4KH5WMKNPEPNZD9F86J', 'KLAR_FOR_INNSENDING', DATEADD('DAY', 29, CURRENT_DATE), NULL, '23119409195', '910712306', NULL, NULL, NULL, '01K85WE4KHVE8F46SDWVPQP6Q3', NULL, NULL, NULL, NULL, NULL, NULL, 0, NULL),
('01K85WE4KHNKE7QYC771133CNC', 'UTBETALT', DATEADD('DAY', 38, CURRENT_DATE), TIMESTAMP WITH TIME ZONE '2025-10-22 11:56:27.121663+00', '23119409195', '999999999', NULL, NULL, NULL, '01K85WE4KHB84H9BR3K8J9334Y', NULL, NULL, TIMESTAMP WITH TIME ZONE '2025-10-22 11:56:27.121666+00', NULL, NULL, NULL, 0, NULL),
('01K85WE4KH4BCQ6249YDHFVM5M', 'UTBETALING_FEILET', DATEADD('DAY', 38, CURRENT_DATE), TIMESTAMP WITH TIME ZONE '2025-10-22 11:56:27.121766+00', '23119409195', '999999999', NULL, NULL, NULL, '01K85WE4KHHQG54WATD9EWJC51', NULL, NULL, NULL, NULL, NULL, NULL, 0, NULL),
('01K85WE4KHWQJ63BVV0DQEV1QS', 'FOR_TIDLIG', DATEADD('DAY', 38, CURRENT_DATE), NULL, '23119409195', '999999999', NULL, NULL, NULL, '01K85WE4KH4YN66GN3MPDFH0TJ', NULL, NULL, NULL, NULL, NULL, NULL, 0, NULL),
('01K85WE4KHC8D33ZVC42K8G8H8', 'SENDT_KRAV', DATEADD('DAY', 38, CURRENT_DATE), TIMESTAMP WITH TIME ZONE '2025-09-30 22:00:00+00', '23119409195', '999999999', NULL, NULL, NULL, '01K85WE4KHK29YH6CB7W08WX41', NULL, NULL, NULL, NULL, NULL, NULL, 0, NULL),
('01K85WE4KJE97ETMHR7WDPSPPZ', 'UTBETALT', DATEADD('DAY', 38, CURRENT_DATE), TIMESTAMP WITH TIME ZONE '2025-09-30 22:00:00+00', '23119409195', '999999999', NULL, NULL, NULL, '01K85WE4KHCYEBERXHMVFBSGHD', NULL, NULL, TIMESTAMP WITH TIME ZONE '2025-10-02 22:00:00+00', NULL, NULL, NULL, 0, NULL),
('01K85WE4KJR1K2N10EB1WKTQBF', 'KLAR_FOR_INNSENDING', DATEADD('DAY', 38, CURRENT_DATE), NULL, '07098142678', '990000000', NULL, NULL, NULL, '01K85WE4KJD8DVYPHBH7K9RN6C', NULL, NULL, NULL, NULL, NULL, NULL, 0, NULL);               
INSERT INTO "PUBLIC"."REFUSJON" VALUES
('01K85WE4KJ052Q7BMAW4QZCM7K', 'KLAR_FOR_INNSENDING', DATEADD('DAY', 38, CURRENT_DATE), NULL, '09078349333', '999999999', NULL, NULL, NULL, '01K85WE4KJ1WEQDQ41DXJKT2JS', NULL, NULL, NULL, NULL, NULL, NULL, 0, NULL),
('01K85WE4KJH5HY7JFWYFFTNJ8H', 'KLAR_FOR_INNSENDING', DATEADD('DAY', 38, CURRENT_DATE), NULL, '07098142678', '990000000', NULL, NULL, NULL, '01K85WE4KJN76RE34F8YQ6ZEAW', NULL, NULL, NULL, NULL, NULL, NULL, 0, NULL),
('01K85WE4KJ6GAS194PC0QTYFDH', 'KLAR_FOR_INNSENDING', DATEADD('DAY', 38, CURRENT_DATE), NULL, '07098142678', '990000000', NULL, NULL, NULL, '01K85WE4KJ6XDX46DMS1M92FRY', NULL, NULL, NULL, NULL, NULL, NULL, 0, NULL),
('01K85WE4KJJY4NF5RQEJ9F9B32', 'KLAR_FOR_INNSENDING', DATEADD('DAY', 38, CURRENT_DATE), NULL, '07098142678', '910712306', NULL, NULL, NULL, '01K85WE4KJQ1TNF83WQS1AHMSK', NULL, NULL, NULL, NULL, NULL, NULL, 0, NULL),
('01K85WE4KJKEKTWME3ED813QXC', 'KLAR_FOR_INNSENDING', DATEADD('DAY', 38, CURRENT_DATE), NULL, '28128521498', '999999999', NULL, NULL, NULL, '01K85WE4KJVSXKN9SB7GDHJAME', NULL, NULL, NULL, NULL, NULL, NULL, 0, NULL),
('01K85WE4KG1NB09SH4FR77B38A', 'SENDT_KRAV', DATEADD('DAY', 38, CURRENT_DATE), TIMESTAMP WITH TIME ZONE '2025-10-22 11:56:27.120985+00', '28128521498', '999999999', NULL, NULL, NULL, '01K85WE4KGXYGE74R2DV64AS7Y', NULL, NULL, NULL, NULL, NULL, NULL, 0, NULL),
('01K85WE4KJ0HC8TGNXS07V5Q4K', 'KLAR_FOR_INNSENDING', DATEADD('DAY', 38, CURRENT_DATE), NULL, '07049223188', '998877665', NULL, NULL, NULL, '01K85WE4KJNBBEE2NBF951Z7DT', NULL, NULL, NULL, NULL, NULL, NULL, 0, NULL),
('01K85WE4KJJNB04Q411ASFVEK0', 'KLAR_FOR_INNSENDING', DATEADD('DAY', 38, CURRENT_DATE), NULL, '07049223190', '998877665', NULL, NULL, NULL, '01K85WE4KJX0DJSK2XSBYA2J19', NULL, NULL, NULL, NULL, NULL, NULL, 0, NULL),
('01K85WE4KJDZYTMZAXFN3DAVFP', 'KLAR_FOR_INNSENDING', DATEADD('DAY', 29, CURRENT_DATE), NULL, '23119409195', '955555555', NULL, NULL, NULL, '01K85WE4KJ9TH5JG1694WHC74B', NULL, NULL, NULL, NULL, NULL, NULL, 0, NULL),
('01K85WE4KJ0TX00SHHHS8QGPJX', 'UTBETALT', DATEADD('DAY', 38, CURRENT_DATE), TIMESTAMP WITH TIME ZONE '2025-10-22 11:56:27.122293+00', '23119409195', '999999999', NULL, NULL, NULL, '01K85WE4KJR1SFZJC5CH8BBTYH', NULL, NULL, TIMESTAMP WITH TIME ZONE '2025-10-22 11:56:27.122295+00', NULL, NULL, NULL, 0, NULL),
('01K85WE4KJK6J523513NNPEA24', 'UTBETALING_FEILET', DATEADD('DAY', 38, CURRENT_DATE), TIMESTAMP WITH TIME ZONE '2025-10-22 11:56:27.122343+00', '23119409195', '999999999', NULL, NULL, NULL, '01K85WE4KJTPWQG6NSX196YYA8', NULL, NULL, NULL, NULL, NULL, NULL, 0, NULL),
('01K85WE4KJ386YX0PWC8SGHFQ3', 'KLAR_FOR_INNSENDING', DATEADD('DAY', 38, CURRENT_DATE), NULL, '07098142678', '990000000', NULL, NULL, NULL, '01K85WE4KJK2GBPBTG9QKH57GP', NULL, NULL, NULL, NULL, NULL, NULL, 0, NULL),
('01K85WE4KJ6SMXGPGBX4HK77K2', 'KLAR_FOR_INNSENDING', DATEADD('DAY', 38, CURRENT_DATE), NULL, '07098142678', '990000000', NULL, NULL, NULL, '01K85WE4KJF3VBDHTEAKM8B0KV', NULL, NULL, NULL, NULL, NULL, NULL, 0, NULL),
('01K85WE4KJCH2SDFZBAEPSZ05W', 'KLAR_FOR_INNSENDING', DATEADD('DAY', 38, CURRENT_DATE), NULL, '07098142678', '990000000', NULL, NULL, NULL, '01K85WE4KJVFKTKPD571286DER', NULL, NULL, NULL, NULL, NULL, NULL, 0, NULL),
('01K85WE4KJ7WGMVG402D87T1HT', 'KLAR_FOR_INNSENDING', DATEADD('DAY', 38, CURRENT_DATE), NULL, '07098142678', '910712306', NULL, NULL, NULL, '01K85WE4KJDEZVF21N5R1T7E08', NULL, NULL, NULL, NULL, NULL, NULL, 0, NULL),
('01K85WE4KJATPYVMRZRFYVSTMA', 'KLAR_FOR_INNSENDING', DATEADD('DAY', 38, CURRENT_DATE), NULL, '18079238011', '999999999', NULL, NULL, NULL, '01K85WE4KJH1H6V87VTH8SP378', NULL, NULL, NULL, NULL, NULL, NULL, 0, NULL),
('01K85WE4KJC06PQQVDP299VTQK', 'KLAR_FOR_INNSENDING', DATEADD('DAY', 38, CURRENT_DATE), NULL, '30038738743', '999999999', NULL, NULL, NULL, '01K85WE4KJK1H1T9GG4Z5PSSXV', NULL, NULL, NULL, NULL, NULL, NULL, 0, NULL),
('01K85WE4KJ7KS3WSDW79JG0D7J', 'KLAR_FOR_INNSENDING', DATEADD('DAY', 38, CURRENT_DATE), NULL, '28061827902', '999999999', NULL, NULL, NULL, '01K85WE4KJ1WXZYSSHBPKT7Q6D', NULL, NULL, NULL, NULL, NULL, NULL, 0, NULL),
('01K85WE4KHQYNR2049PB5FWA46', 'KLAR_FOR_INNSENDING', DATEADD('DAY', 59, CURRENT_DATE), NULL, '09078349333', '999999999', NULL, NULL, NULL, '01K85WE4KHTNCCADA7X9RFBV0D', NULL, NULL, NULL, NULL, NULL, NULL, 0, NULL),
('01K85WE4KJASG36GR8R41Z6GZ0', 'KLAR_FOR_INNSENDING', DATEADD('DAY', 38, CURRENT_DATE), NULL, '26089638754', '999999999', NULL, NULL, NULL, '01K85WE4KJPF7X7MBGFNV9W8QC', NULL, NULL, NULL, NULL, NULL, NULL, 0, NULL);           
INSERT INTO "PUBLIC"."REFUSJON" VALUES
('01K85WE4KJP35D2T5J95HAE4M1', 'KLAR_FOR_INNSENDING', DATEADD('DAY', 38, CURRENT_DATE), NULL, '23039648083', '999999999', NULL, NULL, NULL, '01K85WE4KJHCYJ7C653GPTN5GY', NULL, NULL, NULL, NULL, NULL, NULL, 0, NULL),
('01K85WE4KJZ65BXPGMTGWVW9AV', 'UTBETALT', DATEADD('DAY', 38, CURRENT_DATE), TIMESTAMP WITH TIME ZONE '2025-10-22 11:56:27.122733+00', '08098138758', '999999999', NULL, NULL, NULL, '01K85WE4KJRT269GY2Y0BQPQ77', NULL, NULL, TIMESTAMP WITH TIME ZONE '2025-10-22 11:56:27.122735+00', NULL, NULL, NULL, 0, NULL),
('01K85WE4KJC7ZTG48VFK9QT34B', 'UTBETALT', DATEADD('DAY', 38, CURRENT_DATE), TIMESTAMP WITH TIME ZONE '2025-10-22 11:56:27.12278+00', '08098138758', '999999999', NULL, NULL, NULL, '01K85WE4KJMK7KWP87XQP5Q2HA', NULL, NULL, TIMESTAMP WITH TIME ZONE '2025-10-22 11:56:27.122782+00', NULL, NULL, NULL, 0, NULL),
('01K85WE4KJWENZWK6MYK2M80W1', 'UTBETALT', DATEADD('DAY', 38, CURRENT_DATE), TIMESTAMP WITH TIME ZONE '2025-10-22 11:56:27.12283+00', '08098138758', '999999999', NULL, NULL, NULL, '01K85WE4KJRCSPJRWM73QNBTSQ', NULL, NULL, TIMESTAMP WITH TIME ZONE '2025-10-22 11:56:27.122832+00', NULL, NULL, NULL, 0, NULL),
('01K85WE4KJ3BHRYD6AE4QCD3NZ', 'UTBETALT', DATEADD('DAY', 38, CURRENT_DATE), TIMESTAMP WITH TIME ZONE '2025-10-22 11:56:27.122876+00', '08098138758', '999999999', NULL, NULL, NULL, '01K85WE4KJKYYKY0JAP9ZH7NN8', NULL, NULL, TIMESTAMP WITH TIME ZONE '2025-10-22 11:56:27.122877+00', NULL, NULL, NULL, 0, NULL),
('01K85WE4KJ108FDFJKNJP81JNN', 'UTBETALT', DATEADD('DAY', 38, CURRENT_DATE), TIMESTAMP WITH TIME ZONE '2025-10-22 11:56:27.122915+00', '08098138758', '999999999', NULL, NULL, NULL, '01K85WE4KJ0BN8Q59W34G8AMAY', NULL, NULL, TIMESTAMP WITH TIME ZONE '2025-10-22 11:56:27.122917+00', NULL, NULL, NULL, 0, NULL),
('01K85WE4KJ78MS2347NW9KRPV2', 'UTBETALT', DATEADD('DAY', 38, CURRENT_DATE), TIMESTAMP WITH TIME ZONE '2025-10-22 11:56:27.122955+00', '08098138758', '999999999', NULL, NULL, NULL, '01K85WE4KJKX1GRVZNEK1BMQZN', NULL, NULL, TIMESTAMP WITH TIME ZONE '2025-10-22 11:56:27.122956+00', NULL, NULL, NULL, 0, NULL),
('01K85WE4KJXQH7PVXRY7WAAMZC', 'UTBETALT', DATEADD('DAY', 38, CURRENT_DATE), TIMESTAMP WITH TIME ZONE '2025-10-22 11:56:27.122991+00', '08098138758', '999999999', NULL, NULL, NULL, '01K85WE4KJ30CQDR8R55K6QTNM', NULL, NULL, TIMESTAMP WITH TIME ZONE '2025-10-22 11:56:27.122992+00', NULL, NULL, NULL, 0, NULL),
('01K85WE4KKZND59EM4ZEM0ZZRT', 'UTBETALT', DATEADD('DAY', 38, CURRENT_DATE), TIMESTAMP WITH TIME ZONE '2025-10-22 11:56:27.123034+00', '08098138758', '999999999', NULL, NULL, NULL, '01K85WE4KKNET0Z42S8CG5G61C', NULL, NULL, TIMESTAMP WITH TIME ZONE '2025-10-22 11:56:27.123035+00', NULL, NULL, NULL, 0, NULL),
('01K85WE4KKX14HV2RTAPA8EFT4', 'KLAR_FOR_INNSENDING', DATEADD('DAY', 38, CURRENT_DATE), NULL, '08098138758', '999999999', NULL, NULL, NULL, '01K85WE4KKNHS5JJRGGMCCNR0F', NULL, NULL, NULL, NULL, NULL, NULL, 0, NULL),
('01K85WE4KKPJHM0NN3KED1R2QW', 'KLAR_FOR_INNSENDING', DATEADD('DAY', 38, CURRENT_DATE), NULL, '08098138758', '999999999', NULL, NULL, NULL, '01K85WE4KKS3K54ACK78AGT6V6', NULL, NULL, NULL, NULL, NULL, NULL, 0, NULL);
CREATE INDEX "PUBLIC"."INDEX_4" ON "PUBLIC"."REFUSJON"("BEDRIFT_NR" NULLS FIRST);              
CREATE INDEX "PUBLIC"."INDEX_47" ON "PUBLIC"."REFUSJON"("DELTAKER_FNR" NULLS FIRST);           
CREATE UNIQUE NULLS DISTINCT INDEX "PUBLIC"."INDEX_476" ON "PUBLIC"."REFUSJON"("REFUSJONSGRUNNLAG_ID" NULLS FIRST);            
ALTER TABLE "PUBLIC"."REFUSJONSGRUNNLAG" ADD CONSTRAINT "PUBLIC"."CONSTRAINT_8B" FOREIGN KEY("TILSKUDDSGRUNNLAG_ID") REFERENCES "PUBLIC"."TILSKUDDSGRUNNLAG"("ID") NOCHECK;    
ALTER TABLE "PUBLIC"."REFUSJON" ADD CONSTRAINT "PUBLIC"."CONSTRAINT_4763BB8" FOREIGN KEY("REFUSJONSGRUNNLAG_ID") REFERENCES "PUBLIC"."REFUSJONSGRUNNLAG"("ID") NOCHECK;        
ALTER TABLE "PUBLIC"."KORREKSJON" ADD CONSTRAINT "PUBLIC"."CONSTRAINT_487D" FOREIGN KEY("REFUSJONSGRUNNLAG_ID") REFERENCES "PUBLIC"."REFUSJONSGRUNNLAG"("ID") NOCHECK;         
ALTER TABLE "PUBLIC"."REFUSJON" ADD CONSTRAINT "PUBLIC"."CONSTRAINT_47" FOREIGN KEY("MINUSBELOP_ID") REFERENCES "PUBLIC"."MINUSBELOP"("ID") NOCHECK;           
ALTER TABLE "PUBLIC"."REFUSJON" ADD CONSTRAINT "PUBLIC"."CONSTRAINT_4763BB8_0" FOREIGN KEY("KORREKSJON_ID") REFERENCES "PUBLIC"."KORREKSJON"("ID") NOCHECK;    
ALTER TABLE "PUBLIC"."VARSLING" ADD CONSTRAINT "PUBLIC"."CONSTRAINT_E4" FOREIGN KEY("REFUSJON_ID") REFERENCES "PUBLIC"."REFUSJON"("ID") NOCHECK;               
ALTER TABLE "PUBLIC"."MINUSBELOP" ADD CONSTRAINT "PUBLIC"."CONSTRAINT_8A0" FOREIGN KEY("GJORT_OPP_AV_REFUSJON_ID") REFERENCES "PUBLIC"."REFUSJON"("ID") NOCHECK;               
ALTER TABLE "PUBLIC"."FRIST_FORLENGET" ADD CONSTRAINT "PUBLIC"."CONSTRAINT_FFD" FOREIGN KEY("REFUSJON_ID") REFERENCES "PUBLIC"."REFUSJON"("ID") NOCHECK;       
ALTER TABLE "PUBLIC"."INNTEKTSLINJE" ADD CONSTRAINT "PUBLIC"."CONSTRAINT_34" FOREIGN KEY("INNTEKTSGRUNNLAG_ID") REFERENCES "PUBLIC"."INNTEKTSGRUNNLAG"("ID") NOCHECK;          
ALTER TABLE "PUBLIC"."KORREKSJON" ADD CONSTRAINT "PUBLIC"."CONSTRAINT_487" FOREIGN KEY("KORRIGERER_REFUSJON_ID") REFERENCES "PUBLIC"."REFUSJON"("ID") NOCHECK; 
ALTER TABLE "PUBLIC"."REFUSJONSGRUNNLAG" ADD CONSTRAINT "PUBLIC"."CONSTRAINT_8B03" FOREIGN KEY("BEREGNING_ID") REFERENCES "PUBLIC"."BEREGNING"("ID") NOCHECK;  
ALTER TABLE "PUBLIC"."REFUSJONSGRUNNLAG" ADD CONSTRAINT "PUBLIC"."CONSTRAINT_8B0" FOREIGN KEY("INNTEKTSGRUNNLAG_ID") REFERENCES "PUBLIC"."INNTEKTSGRUNNLAG"("ID") NOCHECK;     
ALTER TABLE "PUBLIC"."KORREKSJON_KORREKSJONSGRUNNER" ADD CONSTRAINT "PUBLIC"."CONSTRAINT_D5" FOREIGN KEY("KORREKSJON_ID") REFERENCES "PUBLIC"."KORREKSJON"("ID") NOCHECK;      

